symbol,ts,open,high,low,close,volume
Q,2025-11-03 11:00:00+00:00,94.93,94.93,92.0,92.0,7.0
Q,2025-11-03 12:00:00+00:00,94.79,94.93,93.0,93.0,550.0
Q,2025-11-03 13:00:00+00:00,94.89,94.9,94.2,94.2,1883.0
Q,2025-11-03 14:00:00+00:00,94.2,100.49,94.2,96.19,68751.0
Q,2025-11-03 15:00:00+00:00,96.15,99.49,95.5,97.155,65655.0
Q,2025-11-03 16:00:00+00:00,97.15,98.86,95.51,97.69,45831.0
Q,2025-11-03 17:00:00+00:00,97.525,98.47,96.615,97.46,40535.0
Q,2025-11-03 18:00:00+00:00,97.37,97.79,96.85,97.255,34843.0
Q,2025-11-03 19:00:00+00:00,97.145,99.76,97.12,97.78,47311.0
Q,2025-11-03 20:00:00+00:00,98.03,100.1,96.71,97.01,132156.0
Q,2025-11-03 21:00:00+00:00,97.2,98.99,96.99,98.85,849.0
Q,2025-11-03 22:00:00+00:00,98.9,98.99,98.55,98.99,193.0
Q,2025-11-03 23:00:00+00:00,98.99,99.95,98.99,99.95,2477.0
Q,2025-11-04 10:00:00+00:00,98.34,98.46,97.26,98.38,486.0
Q,2025-11-04 12:00:00+00:00,98.49,98.69,97.98,97.98,325.0
Q,2025-11-04 13:00:00+00:00,97.77,99.32,97.77,99.25,1250.0
Q,2025-11-04 14:00:00+00:00,99.1,101.1,98.5,98.85,31244.0
Q,2025-11-04 15:00:00+00:00,99.1,99.35,97.81,98.2,34271.0
Q,2025-11-04 16:00:00+00:00,98.16,99.05,97.83,98.94,33538.0
Q,2025-11-04 17:00:00+00:00,98.93,100.365,98.81,100.365,31096.0
Q,2025-11-04 18:00:00+00:00,100.435,103.72,100.42,101.43,47481.0
Q,2025-11-04 19:00:00+00:00,101.41,102.0,98.76,98.89,81883.0
Q,2025-11-04 20:00:00+00:00,99.0,102.25,98.75,100.87,89898.0
Q,2025-11-04 21:00:00+00:00,100.98,101.99,100.9,100.9,503.0
Q,2025-11-04 22:00:00+00:00,100.9,101.0,100.9,101.0,1023.0
Q,2025-11-05 12:00:00+00:00,101.94,104.65,101.94,104.0,127.0
Q,2025-11-05 13:00:00+00:00,104.69,105.43,104.69,105.43,145.0
Q,2025-11-05 14:00:00+00:00,104.92,105.5,94.89,96.26,31872.0
Q,2025-11-05 15:00:00+00:00,96.28,96.99,93.38,94.15,67754.0
Q,2025-11-05 16:00:00+00:00,94.09,95.69,94.06,95.27,45371.0
Q,2025-11-05 17:00:00+00:00,95.26,96.5,93.96,96.15,42321.0
Q,2025-11-05 18:00:00+00:00,96.2,96.94,95.41,95.8,27807.0
Q,2025-11-05 19:00:00+00:00,95.88,97.81,95.5,97.8,28764.0
Q,2025-11-05 20:00:00+00:00,97.815,99.71,97.33,99.6,83563.0
Q,2025-11-05 21:00:00+00:00,99.64,99.98,99.2,99.98,2431.0
Q,2025-11-05 22:00:00+00:00,99.7,99.98,99.7,99.98,317.0
Q,2025-11-05 23:00:00+00:00,99.98,99.98,99.71,99.71,160.0
Q,2025-11-06 11:00:00+00:00,99.8,99.8,99.8,99.8,15.0
Q,2025-11-06 12:00:00+00:00,99.8,99.8,99.8,99.8,278.0
Q,2025-11-06 13:00:00+00:00,99.8,100.19,99.8,100.19,40.0
Q,2025-11-06 14:00:00+00:00,100.31,100.91,96.68,97.49,34878.0
Q,2025-11-06 15:00:00+00:00,97.49,100.03,96.21,96.37,25015.0
Q,2025-11-06 16:00:00+00:00,96.21,96.37,95.07,95.38,31463.0
Q,2025-11-06 17:00:00+00:00,95.38,96.71,94.87,96.37,35552.0
Q,2025-11-06 18:00:00+00:00,96.3,98.6,95.85,97.79,29381.0
Q,2025-11-06 19:00:00+00:00,97.795,99.46,97.75,98.835,40460.0
Q,2025-11-06 20:00:00+00:00,98.79,98.79,93.5,93.5,106677.0
Q,2025-11-06 21:00:00+00:00,94.11,94.95,94.01,94.01,362.0
Q,2025-11-06 22:00:00+00:00,94.39,94.39,94.39,94.39,5.0
Q,2025-11-06 23:00:00+00:00,94.74,95.19,94.36,94.36,505.0
Q,2025-11-07 09:00:00+00:00,94.12,94.12,94.12,94.12,31.0
Q,2025-11-07 11:00:00+00:00,94.32,94.32,94.32,94.32,2.0
Q,2025-11-07 12:00:00+00:00,94.01,94.01,94.01,94.01,100.0
Q,2025-11-07 13:00:00+00:00,93.98,93.98,92.9,92.9,15.0
Q,2025-11-07 14:00:00+00:00,92.0,93.19,88.78,90.76,28078.0
Q,2025-11-07 15:00:00+00:00,90.99,94.98,90.99,92.91,36086.0
Q,2025-11-07 16:00:00+00:00,92.79,92.91,90.57,91.71,45429.0
Q,2025-11-07 17:00:00+00:00,91.64,94.56,91.56,94.56,19502.0
Q,2025-11-07 18:00:00+00:00,94.36,94.8,92.19,92.745,32040.0
Q,2025-11-07 19:00:00+00:00,92.75,93.12,91.51,92.7,20017.0
Q,2025-11-07 20:00:00+00:00,92.78,93.35,91.78,92.43,71697.0
Q,2025-11-07 21:00:00+00:00,92.31,94.95,92.31,94.75,952.0
Q,2025-11-07 22:00:00+00:00,94.5,94.5,94.49,94.49,17.0
Q,2025-11-07 23:00:00+00:00,94.48,94.69,94.48,94.69,120.0
Q,2025-11-10 11:00:00+00:00,95.0,95.0,95.0,95.0,10.0
Q,2025-11-10 12:00:00+00:00,95.6,95.6,95.49,95.49,80.0
Q,2025-11-10 13:00:00+00:00,95.0,95.0,94.98,94.98,482.0
Q,2025-11-10 14:00:00+00:00,94.98,97.8,93.6,97.02,24851.0
Q,2025-11-10 15:00:00+00:00,96.61,96.94,94.99,95.52,24172.0
Q,2025-11-10 16:00:00+00:00,95.585,96.81,95.13,96.81,36459.0
Q,2025-11-10 17:00:00+00:00,96.83,99.3,96.81,98.825,34673.0
Q,2025-11-10 18:00:00+00:00,98.85,99.34,97.3,98.22,26301.0
Q,2025-11-10 19:00:00+00:00,98.23,98.53,97.01,97.6,30610.0
Q,2025-11-10 20:00:00+00:00,97.6,98.18,96.225,96.6,69483.0
Q,2025-11-10 21:00:00+00:00,97.0,97.0,97.0,97.0,30.0
Q,2025-11-10 23:00:00+00:00,97.95,97.95,97.95,97.95,12.0
Q,2025-11-11 10:00:00+00:00,97.84,97.84,97.84,97.84,3.0
Q,2025-11-11 11:00:00+00:00,97.88,97.88,97.88,97.88,1.0
Q,2025-11-11 12:00:00+00:00,98.04,98.04,98.04,98.04,54.0
Q,2025-11-11 13:00:00+00:00,97.75,97.75,97.75,97.75,10.0
Q,2025-11-11 14:00:00+00:00,98.0,99.63,95.71,97.93,22603.0
Q,2025-11-11 15:00:00+00:00,97.99,102.07,97.99,99.89,33304.0
Q,2025-11-11 16:00:00+00:00,99.85,100.53,97.54,97.95,33964.0
Q,2025-11-11 17:00:00+00:00,97.97,99.09,97.93,98.89,13981.0
Q,2025-11-11 18:00:00+00:00,98.9,99.22,97.22,97.735,18357.0
Q,2025-11-11 19:00:00+00:00,97.56,97.81,96.95,97.29,15994.0
Q,2025-11-11 20:00:00+00:00,97.28,98.16,96.43,96.58,33276.0
Q,2025-11-11 21:00:00+00:00,96.92,96.95,96.75,96.95,177.0
Q,2025-11-11 22:00:00+00:00,96.9,96.9,96.9,96.9,1.0
Q,2025-11-12 12:00:00+00:00,96.17,96.17,96.17,96.17,2.0
Q,2025-11-12 14:00:00+00:00,96.11,96.38,94.03,94.35,12061.0
Q,2025-11-12 15:00:00+00:00,94.27,94.88,92.56,93.1,48309.0
Q,2025-11-12 16:00:00+00:00,93.02,94.31,92.03,93.92,29537.0
Q,2025-11-12 17:00:00+00:00,93.9,94.205,93.1,93.82,29652.0
Q,2025-11-12 18:00:00+00:00,93.84,94.26,92.75,92.91,32285.0
Q,2025-11-12 19:00:00+00:00,92.91,93.56,92.4,92.57,29622.0
Q,2025-11-12 20:00:00+00:00,92.44,92.7,91.27,91.98,75689.0
Q,2025-11-12 21:00:00+00:00,92.13,92.25,92.02,92.02,113.0
Q,2025-11-12 22:00:00+00:00,92.02,92.02,92.02,92.02,20.0
Q,2025-11-13 14:00:00+00:00,91.51,91.8,89.28,89.67,32607.0
Q,2025-11-13 15:00:00+00:00,89.61,89.68,86.72,87.78,72742.0
Q,2025-11-13 16:00:00+00:00,87.585,87.89,86.55,87.07,40023.0
Q,2025-11-13 17:00:00+00:00,87.18,87.23,86.15,86.27,39552.0
Q,2025-11-13 18:00:00+00:00,86.23,86.56,84.83,85.64,31821.0
Q,2025-11-13 19:00:00+00:00,85.6,86.255,85.13,85.865,28365.0
Q,2025-11-13 20:00:00+00:00,85.77,86.315,85.05,85.91,80486.0
Q,2025-11-13 21:00:00+00:00,86.04,86.04,86.04,86.04,3.0
Q,2025-11-13 23:00:00+00:00,86.15,86.15,86.15,86.15,1.0
Q,2025-11-14 09:00:00+00:00,86.2,86.2,86.2,86.2,21.0
Q,2025-11-14 10:00:00+00:00,86.2,86.2,86.2,86.2,49.0
Q,2025-11-14 11:00:00+00:00,86.2,86.2,86.2,86.2,2.0
Q,2025-11-14 12:00:00+00:00,84.7,84.7,84.0,84.0,35.0
Q,2025-11-14 13:00:00+00:00,84.99,84.99,84.99,84.99,1.0
Q,2025-11-14 14:00:00+00:00,84.2,84.37,81.68,83.54,35942.0
Q,2025-11-14 15:00:00+00:00,83.58,86.32,83.54,85.83,51209.0
Q,2025-11-14 16:00:00+00:00,85.78,87.05,85.47,86.27,32862.0
Q,2025-11-14 17:00:00+00:00,86.22,86.5,85.34,85.71,12749.0
Q,2025-11-14 18:00:00+00:00,85.655,86.11,85.41,85.58,16334.0
Q,2025-11-14 19:00:00+00:00,85.54,85.605,84.33,84.39,23505.0
Q,2025-11-14 20:00:00+00:00,84.48,84.91,83.535,83.545,39872.0
Q,2025-11-14 21:00:00+00:00,83.32,83.32,83.32,83.32,36.0
Q,2025-11-14 22:00:00+00:00,83.48,83.48,83.48,83.48,200.0
Q,2025-11-14 23:00:00+00:00,83.95,83.95,83.95,83.95,15.0
Q,2025-11-17 13:00:00+00:00,84.77,84.77,84.47,84.47,13.0
Q,2025-11-17 14:00:00+00:00,83.0,83.49,79.53,83.49,18205.0
Q,2025-11-17 15:00:00+00:00,83.575,83.88,82.72,83.71,19342.0
Q,2025-11-17 16:00:00+00:00,83.59,83.6,81.87,82.525,31447.0
Q,2025-11-17 17:00:00+00:00,82.52,82.54,81.26,81.32,10663.0
Q,2025-11-17 18:00:00+00:00,81.24,81.57,80.57,80.78,16529.0
Q,2025-11-17 19:00:00+00:00,80.68,81.09,79.995,80.59,60701.0
Q,2025-11-17 20:00:00+00:00,80.63,81.62,79.985,81.48,75140.0
Q,2025-11-18 13:00:00+00:00,80.45,80.45,80.22,80.22,15.0
Q,2025-11-18 14:00:00+00:00,80.0,81.635,78.67,79.06,26416.0
Q,2025-11-18 15:00:00+00:00,79.185,79.26,78.04,78.5,32733.0
Q,2025-11-18 16:00:00+00:00,78.59,80.395,78.13,79.23,33704.0
Q,2025-11-18 17:00:00+00:00,79.12,80.35,78.59,80.22,38898.0
Q,2025-11-18 18:00:00+00:00,80.43,81.74,80.15,81.185,38549.0
Q,2025-11-18 19:00:00+00:00,81.235,81.3,80.19,80.35,45464.0
Q,2025-11-18 20:00:00+00:00,80.32,80.575,78.94,78.98,86660.0
Q,2025-11-18 21:00:00+00:00,80.31,80.31,80.31,80.31,1.0
Q,2025-11-19 11:00:00+00:00,79.5,79.5,79.5,79.5,13.0
Q,2025-11-19 13:00:00+00:00,79.09,79.2,79.09,79.2,101.0
Q,2025-11-19 14:00:00+00:00,79.26,79.26,77.0,78.7,7728.0
Q,2025-11-19 15:00:00+00:00,78.56,78.56,75.75,75.76,31065.0
Q,2025-11-19 16:00:00+00:00,75.76,79.89,75.73,79.415,44562.0
Q,2025-11-19 17:00:00+00:00,79.5,80.25,78.29,78.57,33276.0
Q,2025-11-19 18:00:00+00:00,78.595,79.95,78.595,79.29,16785.0
Q,2025-11-19 19:00:00+00:00,79.26,79.29,78.13,78.79,22593.0
Q,2025-11-19 20:00:00+00:00,78.9,79.54,78.65,79.51,69768.0
Q,2025-11-19 21:00:00+00:00,81.4,81.5,81.4,81.5,225.0
Q,2025-11-19 22:00:00+00:00,81.5,82.75,81.5,82.75,1000.0
Q,2025-11-19 23:00:00+00:00,82.7,82.75,82.7,82.75,423.0
Q,2025-11-20 10:00:00+00:00,85.97,85.97,85.97,85.97,25.0
Q,2025-11-20 11:00:00+00:00,83.1,83.1,83.1,83.1,4.0
Q,2025-11-20 12:00:00+00:00,83.0,83.0,82.97,82.97,23.0
Q,2025-11-20 14:00:00+00:00,82.31,83.28,80.28,80.49,14636.0
Q,2025-11-20 15:00:00+00:00,80.485,81.47,79.55,80.92,21082.0
Q,2025-11-20 16:00:00+00:00,80.96,80.96,77.86,78.04,21793.0
Q,2025-11-20 17:00:00+00:00,78.26,78.45,77.28,77.69,22297.0
Q,2025-11-20 18:00:00+00:00,77.63,78.645,75.51,75.73,31984.0
Q,2025-11-20 19:00:00+00:00,75.55,75.94,74.86,75.69,31704.0
Q,2025-11-20 20:00:00+00:00,75.59,75.76,74.555,74.91,107700.0
Q,2025-11-20 21:00:00+00:00,74.99,77.1,74.75,77.1,943.0
Q,2025-11-20 22:00:00+00:00,76.8,76.8,76.8,76.8,100.0
Q,2025-11-20 23:00:00+00:00,76.17,76.22,76.17,76.22,8.0
Q,2025-11-21 10:00:00+00:00,74.45,74.45,74.45,74.45,4.0
Q,2025-11-21 12:00:00+00:00,75.83,75.83,75.83,75.83,20.0
Q,2025-11-21 13:00:00+00:00,75.83,75.85,75.83,75.85,198.0
Q,2025-11-21 14:00:00+00:00,75.4,75.4,73.46,74.0,8578.0
Q,2025-11-21 15:00:00+00:00,73.98,75.15,73.43,74.56,21414.0
Q,2025-11-21 16:00:00+00:00,74.565,77.16,73.75,77.16,25468.0
Q,2025-11-21 17:00:00+00:00,77.32,77.85,76.63,76.89,20461.0
Q,2025-11-21 18:00:00+00:00,76.94,76.99,76.0,76.76,18542.0
Q,2025-11-21 19:00:00+00:00,76.67,77.27,76.05,76.185,11362.0
Q,2025-11-21 20:00:00+00:00,76.23,76.43,74.91,75.83,83312.0
Q,2025-11-21 21:00:00+00:00,77.27,77.27,77.27,77.27,5.0
Q,2025-11-21 22:00:00+00:00,77.27,77.27,77.27,77.27,53.0
Q,2025-11-21 23:00:00+00:00,77.27,77.27,77.27,77.27,10.0
Q,2025-11-24 10:00:00+00:00,77.89,77.89,76.6,76.6,152.0
Q,2025-11-24 12:00:00+00:00,77.84,77.84,77.84,77.84,62.0
Q,2025-11-24 13:00:00+00:00,77.24,77.47,77.0,77.0,94.0
Q,2025-11-24 14:00:00+00:00,77.47,77.47,74.15,75.11,27451.0
Q,2025-11-24 15:00:00+00:00,75.15,76.44,74.72,76.04,51104.0
Q,2025-11-24 16:00:00+00:00,76.09,76.65,75.36,75.75,25465.0
Q,2025-11-24 17:00:00+00:00,75.75,75.89,75.0,75.2,21688.0
Q,2025-11-24 18:00:00+00:00,75.14,75.2,74.47,74.875,27104.0
Q,2025-11-24 19:00:00+00:00,74.9,74.98,73.82,74.3,43047.0
Q,2025-11-24 20:00:00+00:00,74.33,74.61,72.86,73.535,117143.0
Q,2025-11-24 21:00:00+00:00,73.49,74.96,73.49,74.0,115.0
Q,2025-11-24 22:00:00+00:00,73.77,73.78,73.77,73.78,35.0
Q,2025-11-24 23:00:00+00:00,73.78,73.78,73.78,73.78,74.0
Q,2025-11-25 09:00:00+00:00,74.0,74.0,73.75,73.75,25.0
Q,2025-11-25 10:00:00+00:00,73.75,73.75,73.75,73.75,11.0
Q,2025-11-25 11:00:00+00:00,73.51,73.51,73.51,73.51,18.0
Q,2025-11-25 13:00:00+00:00,73.92,73.92,73.92,73.92,50.0
Q,2025-11-25 14:00:00+00:00,73.75,75.5,73.21,75.205,40392.0
Q,2025-11-25 15:00:00+00:00,75.05,78.02,74.97,77.175,35517.0
Q,2025-11-25 16:00:00+00:00,77.12,77.36,76.53,76.99,17865.0
Q,2025-11-25 17:00:00+00:00,77.0,77.35,76.765,76.86,33179.0
Q,2025-11-25 18:00:00+00:00,76.91,78.94,76.62,78.94,30087.0
Q,2025-11-25 19:00:00+00:00,78.97,79.03,78.06,78.71,35368.0
Q,2025-11-25 20:00:00+00:00,78.81,78.96,77.86,77.995,64330.0
Q,2025-11-25 21:00:00+00:00,78.12,78.12,78.12,78.12,70.0
Q,2025-11-25 22:00:00+00:00,78.47,78.47,78.47,78.47,20.0
Q,2025-11-26 12:00:00+00:00,78.81,78.81,78.81,78.81,5.0
Q,2025-11-26 13:00:00+00:00,78.51,78.94,78.51,78.8,45.0
Q,2025-11-26 14:00:00+00:00,77.44,79.2,77.44,78.6,12601.0
Q,2025-11-26 15:00:00+00:00,78.6,78.6,77.95,78.2,21595.0
Q,2025-11-26 16:00:00+00:00,78.2,79.72,78.2,79.56,14137.0
Q,2025-11-26 17:00:00+00:00,79.63,80.0,79.26,79.85,13173.0
Q,2025-11-26 18:00:00+00:00,79.845,80.36,79.48,80.36,14727.0
Q,2025-11-26 19:00:00+00:00,80.37,80.62,79.75,80.3,12123.0
Q,2025-11-26 20:00:00+00:00,80.3,80.385,79.26,79.28,44822.0
Q,2025-11-26 21:00:00+00:00,78.55,78.96,78.55,78.8,128.0
Q,2025-11-26 23:00:00+00:00,79.47,79.47,79.47,79.47,85.0
Q,2025-11-28 12:00:00+00:00,79.53,79.53,79.53,79.53,5.0
Q,2025-11-28 13:00:00+00:00,79.53,80.15,79.5,80.15,220.0
Q,2025-11-28 14:00:00+00:00,79.63,80.8,79.63,80.56,5510.0
Q,2025-11-28 15:00:00+00:00,80.56,81.24,80.32,80.93,22429.0
Q,2025-11-28 16:00:00+00:00,81.03,81.08,80.19,80.73,18440.0
Q,2025-11-28 17:00:00+00:00,80.77,81.03,79.7,80.95,29560.0
Q,2025-11-28 18:00:00+00:00,81.24,81.24,81.24,81.24,15.0
Q,2025-12-01 12:00:00+00:00,80.15,80.43,80.15,80.42,132.0
Q,2025-12-01 13:00:00+00:00,80.09,80.09,79.66,79.66,184.0
Q,2025-12-01 14:00:00+00:00,79.66,79.66,78.47,79.2,13488.0
Q,2025-12-01 15:00:00+00:00,79.27,79.49,78.14,78.33,15712.0
Q,2025-12-01 16:00:00+00:00,78.33,79.99,78.12,79.95,23751.0
Q,2025-12-01 17:00:00+00:00,79.95,80.55,79.75,80.39,13231.0
Q,2025-12-01 18:00:00+00:00,80.52,81.08,79.98,79.98,17989.0
Q,2025-12-01 19:00:00+00:00,79.97,79.97,78.31,78.57,14965.0
Q,2025-12-01 20:00:00+00:00,78.6,78.79,77.42,77.64,41164.0
Q,2025-12-01 21:00:00+00:00,78.94,78.94,77.93,77.93,64.0
Q,2025-12-01 23:00:00+00:00,77.98,78.86,77.98,78.86,74.0
Q,2025-12-02 14:00:00+00:00,78.19,79.32,78.0,79.12,16884.0
Q,2025-12-02 15:00:00+00:00,79.22,80.49,79.22,80.27,28909.0
Q,2025-12-02 16:00:00+00:00,80.195,80.38,79.15,79.24,22030.0
Q,2025-12-02 17:00:00+00:00,79.24,79.54,78.8,78.9,18144.0
Q,2025-12-02 18:00:00+00:00,78.94,79.39,78.77,79.01,17746.0
Q,2025-12-02 19:00:00+00:00,79.03,80.0,78.965,79.81,27805.0
Q,2025-12-02 20:00:00+00:00,79.88,80.11,79.44,79.77,33696.0
Q,2025-12-03 10:00:00+00:00,80.5,80.5,80.39,80.39,16.0
Q,2025-12-03 12:00:00+00:00,79.75,79.75,79.1,79.75,15.0
Q,2025-12-03 13:00:00+00:00,80.2,80.2,80.2,80.2,12.0
Q,2025-12-03 14:00:00+00:00,79.75,80.21,79.13,79.6,4296.0
Q,2025-12-03 15:00:00+00:00,79.56,80.19,78.93,79.52,9220.0
Q,2025-12-03 16:00:00+00:00,79.56,80.26,79.4,79.575,12489.0
Q,2025-12-03 17:00:00+00:00,79.48,80.56,79.43,80.485,7975.0
Q,2025-12-03 18:00:00+00:00,80.41,81.0,80.33,81.0,7208.0
Q,2025-12-03 19:00:00+00:00,80.98,80.98,80.35,80.66,10555.0
Q,2025-12-03 20:00:00+00:00,80.69,81.0,80.26,80.29,39138.0
Q,2025-12-04 13:00:00+00:00,80.16,80.16,80.0,80.0,15.0
Q,2025-12-04 14:00:00+00:00,80.0,81.595,79.84,81.55,8526.0
Q,2025-12-04 15:00:00+00:00,81.575,82.77,81.08,82.41,35180.0
Q,2025-12-04 16:00:00+00:00,82.54,83.32,82.43,83.16,29223.0
Q,2025-12-04 17:00:00+00:00,83.21,83.44,82.7,83.1,28710.0
Q,2025-12-04 18:00:00+00:00,83.065,83.18,82.5,82.92,20237.0
Q,2025-12-04 19:00:00+00:00,82.81,83.06,82.49,82.815,12807.0
Q,2025-12-04 20:00:00+00:00,82.79,83.56,82.6,83.42,63106.0
Q,2025-12-04 22:00:00+00:00,83.51,83.51,83.5,83.5,12.0
Q,2025-12-05 13:00:00+00:00,83.67,83.7,83.52,83.52,10.0
Q,2025-12-05 14:00:00+00:00,83.01,83.43,82.11,82.995,9342.0
Q,2025-12-05 15:00:00+00:00,82.96,83.82,82.54,83.42,26021.0
Q,2025-12-05 16:00:00+00:00,83.44,83.79,82.54,82.92,27727.0
Q,2025-12-05 17:00:00+00:00,82.83,82.915,82.23,82.915,13720.0
Q,2025-12-05 18:00:00+00:00,82.92,82.96,82.27,82.39,9314.0
Q,2025-12-05 19:00:00+00:00,82.32,82.55,82.02,82.425,13728.0
Q,2025-12-05 20:00:00+00:00,82.42,82.6,81.82,82.055,57717.0
Q,2025-12-05 22:00:00+00:00,82.06,82.06,81.96,81.96,23.0
Q,2025-12-05 23:00:00+00:00,81.95,81.95,81.95,81.95,20.0
Q,2025-12-08 14:00:00+00:00,82.0,84.58,82.0,84.33,18439.0
Q,2025-12-08 15:00:00+00:00,84.33,84.47,83.41,83.51,10571.0
Q,2025-12-08 16:00:00+00:00,83.5,83.69,82.77,83.27,16121.0
Q,2025-12-08 17:00:00+00:00,83.27,84.38,83.09,84.13,18688.0
Q,2025-12-08 18:00:00+00:00,84.08,84.18,83.26,83.455,24058.0
Q,2025-12-08 19:00:00+00:00,83.47,83.7,83.24,83.65,24123.0
Q,2025-12-08 20:00:00+00:00,83.7,84.34,83.66,84.32,41454.0
Q,2025-12-08 21:00:00+00:00,84.19,84.69,83.42,84.15,36.0
Q,2025-12-09 12:00:00+00:00,84.17,84.17,84.17,84.17,4.0
Q,2025-12-09 14:00:00+00:00,84.19,84.655,83.895,84.27,4443.0
Q,2025-12-09 15:00:00+00:00,84.23,84.46,83.85,84.165,24593.0
Q,2025-12-09 16:00:00+00:00,84.17,84.6,84.08,84.34,13901.0
Q,2025-12-09 17:00:00+00:00,84.31,84.64,84.05,84.25,12602.0
Q,2025-12-09 18:00:00+00:00,84.25,84.39,83.81,84.04,11708.0
Q,2025-12-09 19:00:00+00:00,84.09,84.27,83.76,84.04,9946.0
Q,2025-12-09 20:00:00+00:00,84.04,85.22,83.91,85.1,68714.0
Q,2025-12-09 23:00:00+00:00,84.78,84.78,84.78,84.78,1.0
Q,2025-12-10 14:00:00+00:00,83.02,84.98,82.63,84.64,5779.0
Q,2025-12-10 15:00:00+00:00,84.67,84.67,83.11,83.23,14746.0
Q,2025-12-10 16:00:00+00:00,83.23,85.39,83.06,84.73,13960.0
Q,2025-12-10 17:00:00+00:00,84.63,84.97,84.38,84.7,8238.0
Q,2025-12-10 18:00:00+00:00,84.8,85.28,84.58,85.28,8087.0
Q,2025-12-10 19:00:00+00:00,85.28,86.73,85.075,86.47,30154.0
Q,2025-12-10 20:00:00+00:00,86.42,87.91,86.07,86.28,93962.0
Q,2025-12-10 21:00:00+00:00,86.2,86.35,85.46,86.35,317.0
Q,2025-12-10 22:00:00+00:00,86.0,86.0,86.0,86.0,1.0
Q,2025-12-10 23:00:00+00:00,85.47,86.04,85.41,85.94,48.0
Q,2025-12-11 13:00:00+00:00,86.3,86.3,86.1,86.1,7.0
Q,2025-12-11 14:00:00+00:00,86.28,86.28,84.56,85.03,9053.0
Q,2025-12-11 15:00:00+00:00,84.89,86.14,84.61,86.12,19773.0
Q,2025-12-11 16:00:00+00:00,86.16,86.16,84.115,84.4,52410.0
Q,2025-12-11 17:00:00+00:00,84.42,84.53,83.52,83.71,36626.0
Q,2025-12-11 18:00:00+00:00,83.72,84.57,83.6,84.18,30558.0
Q,2025-12-11 19:00:00+00:00,84.215,84.44,84.18,84.23,39161.0
Q,2025-12-11 20:00:00+00:00,84.28,85.04,83.87,84.85,97647.0
Q,2025-12-11 21:00:00+00:00,84.95,85.5,84.95,85.5,1727.0
Q,2025-12-12 12:00:00+00:00,84.42,84.42,84.42,84.42,20.0
Q,2025-12-12 14:00:00+00:00,84.42,84.55,82.99,83.005,7765.0
Q,2025-12-12 15:00:00+00:00,82.81,82.81,80.34,80.64,43016.0
Q,2025-12-12 16:00:00+00:00,80.72,80.72,79.26,79.33,43911.0
Q,2025-12-12 17:00:00+00:00,79.36,80.01,79.01,79.87,45219.0
Q,2025-12-12 18:00:00+00:00,79.88,79.96,79.53,79.67,35907.0
Q,2025-12-12 19:00:00+00:00,79.65,79.65,78.91,79.31,48276.0
Q,2025-12-12 20:00:00+00:00,79.315,79.315,78.4,78.925,94306.0
Q,2025-12-12 21:00:00+00:00,78.85,78.9,78.85,78.9,57.0
Q,2025-12-15 14:00:00+00:00,79.64,80.36,79.55,80.185,26960.0
Q,2025-12-15 15:00:00+00:00,80.14,80.69,79.165,79.45,37632.0
Q,2025-12-15 16:00:00+00:00,79.35,80.14,79.09,79.155,19031.0
Q,2025-12-15 17:00:00+00:00,79.25,79.37,78.65,78.92,13837.0
Q,2025-12-15 18:00:00+00:00,78.86,78.89,77.03,77.24,63828.0
Q,2025-12-15 19:00:00+00:00,77.255,77.55,76.38,76.55,49584.0
Q,2025-12-15 20:00:00+00:00,76.54,76.7,75.69,76.615,110358.0
Q,2025-12-15 22:00:00+00:00,76.4,76.4,76.4,76.4,10.0
Q,2025-12-15 23:00:00+00:00,76.5,76.5,76.5,76.5,5.0
Q,2025-12-16 09:00:00+00:00,76.0,76.0,76.0,76.0,84.0
Q,2025-12-16 11:00:00+00:00,76.55,76.65,76.55,76.65,216.0
Q,2025-12-16 12:00:00+00:00,76.55,76.55,76.39,76.39,51.0
Q,2025-12-16 13:00:00+00:00,76.39,76.4,76.39,76.39,124.0
Q,2025-12-16 14:00:00+00:00,76.4,78.5,76.27,78.09,58003.0
Q,2025-12-16 15:00:00+00:00,78.115,78.225,76.57,77.6,67314.0
Q,2025-12-16 16:00:00+00:00,77.64,78.64,77.46,78.04,47573.0
Q,2025-12-16 17:00:00+00:00,78.01,78.2,77.71,77.86,30243.0
Q,2025-12-16 18:00:00+00:00,77.93,78.54,77.71,78.315,54772.0
Q,2025-12-16 19:00:00+00:00,78.3,78.35,77.88,78.18,36106.0
Q,2025-12-16 20:00:00+00:00,78.21,79.12,78.21,78.5,74067.0
Q,2025-12-16 22:00:00+00:00,78.7,78.7,78.7,78.7,1.0
Q,2025-12-16 23:00:00+00:00,78.78,78.78,78.78,78.78,10.0
Q,2025-12-17 12:00:00+00:00,79.0,79.0,79.0,79.0,2.0
Q,2025-12-17 13:00:00+00:00,78.95,78.95,78.75,78.9,300.0
Q,2025-12-17 14:00:00+00:00,79.03,79.05,77.805,78.57,9654.0
Q,2025-12-17 15:00:00+00:00,78.38,78.47,76.6,76.69,18270.0
Q,2025-12-17 16:00:00+00:00,76.67,77.12,76.185,77.04,29698.0
Q,2025-12-17 17:00:00+00:00,77.05,77.14,75.77,75.975,36327.0
Q,2025-12-17 18:00:00+00:00,76.06,76.28,75.67,76.07,33243.0
Q,2025-12-17 19:00:00+00:00,76.07,76.5,75.89,76.27,39712.0
Q,2025-12-17 20:00:00+00:00,76.21,76.82,75.95,76.27,73554.0
Q,2025-12-17 21:00:00+00:00,76.3,76.3,76.3,76.3,26.0
Q,2025-12-17 22:00:00+00:00,77.73,77.73,77.73,77.73,5.0
Q,2025-12-17 23:00:00+00:00,76.52,76.52,76.38,76.38,18.0
Q,2025-12-18 14:00:00+00:00,78.14,80.08,78.14,79.52,18845.0
Q,2025-12-18 15:00:00+00:00,79.69,80.51,79.21,79.51,44488.0
Q,2025-12-18 16:00:00+00:00,79.5,80.06,79.03,79.1,18563.0
Q,2025-12-18 17:00:00+00:00,79.13,79.47,77.965,78.77,34624.0
Q,2025-12-18 18:00:00+00:00,78.7,79.37,78.43,78.83,26063.0
Q,2025-12-18 19:00:00+00:00,78.76,78.76,77.78,77.89,35465.0
Q,2025-12-18 20:00:00+00:00,77.845,79.17,77.845,79.055,85416.0
Q,2025-12-18 21:00:00+00:00,79.0,79.0,78.75,78.75,45.0
Q,2025-12-18 22:00:00+00:00,78.9,79.25,78.88,78.88,28.0
Q,2025-12-18 23:00:00+00:00,79.87,79.87,79.48,79.48,4.0
Q,2025-12-19 13:00:00+00:00,79.39,79.39,79.39,79.39,45.0
Q,2025-12-19 14:00:00+00:00,79.38,79.515,77.41,77.41,15628.0
Q,2025-12-19 15:00:00+00:00,77.365,78.33,77.24,78.04,16012.0
Q,2025-12-19 16:00:00+00:00,77.95,78.02,77.385,77.45,14094.0
Q,2025-12-19 17:00:00+00:00,77.5,77.72,77.31,77.36,21982.0
Q,2025-12-19 18:00:00+00:00,77.25,78.1,77.21,77.94,12142.0
Q,2025-12-19 19:00:00+00:00,77.99,79.11,77.99,78.81,30869.0
Q,2025-12-19 20:00:00+00:00,78.9,79.99,78.89,79.66,103720.0
Q,2025-12-19 21:00:00+00:00,79.51,79.51,79.51,79.51,5.0
Q,2025-12-19 23:00:00+00:00,79.88,79.88,79.88,79.88,10.0
Q,2025-12-22 13:00:00+00:00,80.07,80.07,80.07,80.07,36.0
Q,2025-12-22 14:00:00+00:00,80.86,82.21,80.63,82.21,7691.0
Q,2025-12-22 15:00:00+00:00,82.08,82.72,81.73,81.95,28911.0
Q,2025-12-22 16:00:00+00:00,81.92,82.22,81.79,82.02,21427.0
Q,2025-12-22 17:00:00+00:00,81.92,81.98,81.25,81.89,20346.0
Q,2025-12-22 18:00:00+00:00,81.91,81.94,81.49,81.57,16120.0
Q,2025-12-22 19:00:00+00:00,81.56,82.11,81.41,81.61,34310.0
Q,2025-12-22 20:00:00+00:00,81.62,82.2,81.42,81.905,64752.0
Q,2025-12-22 22:00:00+00:00,82.92,82.92,82.52,82.52,7.0
Q,2025-12-23 12:00:00+00:00,81.99,81.99,81.99,81.99,25.0
Q,2025-12-23 13:00:00+00:00,81.99,82.2,81.99,82.2,20.0
Q,2025-12-23 14:00:00+00:00,82.0,82.61,81.32,81.56,3998.0
Q,2025-12-23 15:00:00+00:00,81.58,82.0,81.37,81.6,18762.0
Q,2025-12-23 16:00:00+00:00,81.5,82.18,81.37,82.04,13779.0
Q,2025-12-23 17:00:00+00:00,82.085,82.36,81.98,82.29,13502.0
Q,2025-12-23 18:00:00+00:00,82.28,82.8,82.28,82.625,12430.0
Q,2025-12-23 19:00:00+00:00,82.625,82.87,82.62,82.68,22153.0
Q,2025-12-23 20:00:00+00:00,82.67,83.25,82.63,83.17,54069.0
Q,2025-12-23 22:00:00+00:00,83.48,83.48,83.48,83.48,1.0
Q,2025-12-24 09:00:00+00:00,83.95,84.46,83.95,84.17,9.0
Q,2025-12-24 10:00:00+00:00,83.6,83.6,83.6,83.6,6.0
Q,2025-12-24 14:00:00+00:00,83.175,83.63,82.75,82.915,5952.0
Q,2025-12-24 15:00:00+00:00,82.97,83.09,82.75,83.0,37575.0
Q,2025-12-24 16:00:00+00:00,82.98,83.1,82.81,83.01,9460.0
Q,2025-12-24 17:00:00+00:00,83.01,83.59,82.99,83.37,40553.0
Q,2025-12-26 14:00:00+00:00,83.35,84.22,83.35,84.07,7006.0
Q,2025-12-26 15:00:00+00:00,83.98,84.37,83.72,83.97,9963.0
Q,2025-12-26 16:00:00+00:00,84.0,84.14,83.89,84.06,10177.0
Q,2025-12-26 17:00:00+00:00,84.03,84.09,83.83,84.025,10956.0
Q,2025-12-26 18:00:00+00:00,84.08,84.19,83.64,84.1,14902.0
Q,2025-12-26 19:00:00+00:00,84.08,84.14,83.89,84.0,7673.0
Q,2025-12-26 20:00:00+00:00,83.98,84.43,83.94,84.2,31327.0
Q,2025-12-29 10:00:00+00:00,84.2,84.2,84.2,84.2,1.0
Q,2025-12-29 12:00:00+00:00,84.2,84.2,84.1,84.1,15.0
Q,2025-12-29 13:00:00+00:00,84.2,84.2,84.2,84.2,10.0
Q,2025-12-29 14:00:00+00:00,83.05,84.33,83.05,84.16,11243.0
Q,2025-12-29 15:00:00+00:00,84.2,84.38,83.58,83.84,16558.0
Q,2025-12-29 16:00:00+00:00,83.77,83.91,83.57,83.73,17913.0
Q,2025-12-29 17:00:00+00:00,83.73,83.73,83.0,83.51,29940.0
Q,2025-12-29 18:00:00+00:00,83.5,83.68,83.31,83.52,13623.0
Q,2025-12-29 19:00:00+00:00,83.59,83.89,83.4,83.88,20587.0
Q,2025-12-29 20:00:00+00:00,83.845,83.95,83.485,83.57,38955.0
Q,2025-12-30 14:00:00+00:00,83.975,85.0,83.975,84.5,11847.0
Q,2025-12-30 15:00:00+00:00,84.41,84.42,83.62,84.05,16358.0
Q,2025-12-30 16:00:00+00:00,84.03,84.15,83.52,83.82,26462.0
Q,2025-12-30 17:00:00+00:00,83.89,84.28,83.68,84.22,13773.0
Q,2025-12-30 18:00:00+00:00,84.14,84.41,84.1,84.35,6880.0
Q,2025-12-30 19:00:00+00:00,84.335,84.455,84.12,84.17,8754.0
Q,2025-12-30 20:00:00+00:00,84.16,84.57,83.76,84.01,48142.0
Q,2025-12-30 21:00:00+00:00,84.59,84.6,84.59,84.6,90.0
Q,2025-12-30 23:00:00+00:00,84.02,84.02,83.89,83.89,36.0
Q,2025-12-31 14:00:00+00:00,83.985,84.0,82.85,83.94,7850.0
Q,2025-12-31 15:00:00+00:00,83.84,83.84,82.77,82.8,22533.0
Q,2025-12-31 16:00:00+00:00,82.855,82.97,82.43,82.97,19399.0
Q,2025-12-31 17:00:00+00:00,82.97,83.27,82.59,82.67,13862.0
Q,2025-12-31 18:00:00+00:00,82.67,82.83,82.56,82.71,8237.0
Q,2025-12-31 19:00:00+00:00,82.74,82.8,82.07,82.34,15293.0
Q,2025-12-31 20:00:00+00:00,82.35,82.37,81.57,81.68,36673.0
Q,2025-12-31 21:00:00+00:00,81.5,81.5,81.5,81.5,40.0
Q,2025-12-31 22:00:00+00:00,81.76,81.76,81.76,81.76,2.0
Q,2026-01-02 11:00:00+00:00,85.53,85.53,85.53,85.53,3.0
Q,2026-01-02 14:00:00+00:00,82.22,84.1,81.56,84.1,8247.0
Q,2026-01-02 15:00:00+00:00,84.06,85.65,84.06,85.22,25163.0
Q,2026-01-02 16:00:00+00:00,85.1,86.31,85.08,85.09,14295.0
Q,2026-01-02 17:00:00+00:00,85.25,85.25,84.74,84.985,12899.0
Q,2026-01-02 18:00:00+00:00,84.985,84.99,84.02,84.145,5123.0
Q,2026-01-02 19:00:00+00:00,84.13,84.72,83.8,84.55,23524.0
Q,2026-01-02 20:00:00+00:00,84.44,85.32,84.28,85.02,91541.0
Q,2026-01-05 09:00:00+00:00,86.0,86.0,86.0,86.0,8.0
Q,2026-01-05 13:00:00+00:00,85.5,85.5,85.5,85.5,7.0
Q,2026-01-05 14:00:00+00:00,84.53,86.2,84.53,85.97,5112.0
Q,2026-01-05 15:00:00+00:00,85.985,86.75,85.33,85.66,20316.0
Q,2026-01-05 16:00:00+00:00,85.6,86.01,85.08,85.62,16055.0
Q,2026-01-05 17:00:00+00:00,85.58,85.75,85.37,85.58,11171.0
Q,2026-01-05 18:00:00+00:00,85.59,86.33,85.32,86.25,9384.0
Q,2026-01-05 19:00:00+00:00,86.33,86.43,85.87,86.02,10163.0
Q,2026-01-05 20:00:00+00:00,86.02,86.02,84.97,85.11,25154.0
Q,2026-01-06 14:00:00+00:00,85.4,89.22,85.25,89.14,11606.0
Q,2026-01-06 15:00:00+00:00,89.01,89.675,88.2,88.925,42150.0
Q,2026-01-06 16:00:00+00:00,88.85,89.79,88.33,89.79,26998.0
Q,2026-01-06 17:00:00+00:00,89.775,90.89,89.77,90.765,27748.0
Q,2026-01-06 18:00:00+00:00,90.71,91.08,90.12,90.12,22515.0
Q,2026-01-06 19:00:00+00:00,90.03,91.26,89.79,91.25,18303.0
Q,2026-01-06 20:00:00+00:00,91.24,91.91,90.95,91.17,66130.0
Q,2026-01-06 21:00:00+00:00,90.02,90.5,90.02,90.5,110.0
Q,2026-01-06 22:00:00+00:00,90.94,91.23,90.94,91.19,65.0
Q,2026-01-06 23:00:00+00:00,91.25,91.41,91.25,91.41,12.0
Q,2026-01-07 12:00:00+00:00,91.0,91.75,91.0,91.74,121.0
Q,2026-01-07 13:00:00+00:00,91.9,92.34,91.79,91.79,601.0
Q,2026-01-07 14:00:00+00:00,92.27,92.5,90.94,91.5,15898.0
Q,2026-01-07 15:00:00+00:00,91.51,91.51,89.995,90.81,18393.0
Q,2026-01-07 16:00:00+00:00,90.72,90.72,89.5,90.46,16585.0
Q,2026-01-07 17:00:00+00:00,90.52,90.71,89.46,89.67,16976.0
Q,2026-01-07 18:00:00+00:00,89.66,89.75,89.32,89.45,17339.0
Q,2026-01-07 19:00:00+00:00,89.46,90.45,89.43,90.21,18433.0
Q,2026-01-07 20:00:00+00:00,90.16,90.61,89.87,90.26,51588.0
Q,2026-01-08 14:00:00+00:00,89.5,89.51,88.48,89.31,10937.0
Q,2026-01-08 15:00:00+00:00,89.31,90.6,88.76,90.39,16385.0
Q,2026-01-08 16:00:00+00:00,90.405,90.67,89.51,90.46,29438.0
Q,2026-01-08 17:00:00+00:00,90.43,90.52,89.91,89.91,26445.0
Q,2026-01-08 18:00:00+00:00,89.9,90.22,88.65,88.65,40969.0
Q,2026-01-08 19:00:00+00:00,88.7,89.66,88.49,89.04,33282.0
Q,2026-01-08 20:00:00+00:00,89.26,90.0,88.71,89.49,67896.0
Q,2026-01-09 09:00:00+00:00,89.67,89.67,89.67,89.67,10.0
Q,2026-01-09 10:00:00+00:00,89.84,90.17,89.84,90.17,10.0
Q,2026-01-09 11:00:00+00:00,90.37,91.0,90.2,91.0,78.0
Q,2026-01-09 14:00:00+00:00,90.0,91.62,89.5,90.94,7414.0
Q,2026-01-09 15:00:00+00:00,90.8,91.84,89.76,91.84,21159.0
Q,2026-01-09 16:00:00+00:00,91.83,91.85,90.01,90.02,20010.0
Q,2026-01-09 17:00:00+00:00,90.13,90.43,89.91,90.06,17334.0
Q,2026-01-09 18:00:00+00:00,90.04,91.08,89.67,90.88,26009.0
Q,2026-01-09 19:00:00+00:00,90.8,91.35,90.48,90.88,24232.0
Q,2026-01-09 20:00:00+00:00,90.9,91.9,90.32,90.33,53958.0
Q,2026-01-09 21:00:00+00:00,89.51,90.36,89.4,90.29,159.0
Q,2026-01-09 22:00:00+00:00,90.35,90.35,90.35,90.35,27.0
Q,2026-01-12 10:00:00+00:00,89.24,89.24,89.24,89.24,1.0
Q,2026-01-12 12:00:00+00:00,90.31,90.31,90.31,90.31,3.0
Q,2026-01-12 13:00:00+00:00,89.9,89.9,89.9,89.9,3.0
Q,2026-01-12 14:00:00+00:00,89.655,90.52,89.65,90.45,11498.0
Q,2026-01-12 15:00:00+00:00,90.425,92.96,90.08,92.17,30182.0
Q,2026-01-12 16:00:00+00:00,92.13,92.28,91.18,91.24,24198.0
Q,2026-01-12 17:00:00+00:00,91.25,91.85,90.85,91.81,66932.0
Q,2026-01-12 18:00:00+00:00,91.83,92.29,91.32,91.36,21921.0
Q,2026-01-12 19:00:00+00:00,91.4,91.84,90.92,91.1,78683.0
Q,2026-01-12 20:00:00+00:00,91.185,91.29,90.69,90.98,62370.0
Q,2026-01-13 12:00:00+00:00,90.4,90.4,90.4,90.4,35.0
Q,2026-01-13 14:00:00+00:00,90.965,92.15,90.83,90.93,6359.0
Q,2026-01-13 15:00:00+00:00,90.85,91.9,90.39,91.54,96700.0
Q,2026-01-13 16:00:00+00:00,91.54,91.56,90.43,90.43,53323.0
Q,2026-01-13 17:00:00+00:00,90.41,90.87,90.16,90.26,24019.0
Q,2026-01-13 18:00:00+00:00,90.33,90.33,89.22,89.45,40092.0
Q,2026-01-13 19:00:00+00:00,89.5,89.79,88.97,89.74,52010.0
Q,2026-01-13 20:00:00+00:00,89.745,90.17,88.94,89.69,85566.0
Q,2026-01-13 22:00:00+00:00,89.67,89.67,88.72,88.72,92.0
Q,2026-01-14 14:00:00+00:00,87.965,89.66,85.99,89.0,17667.0
Q,2026-01-14 15:00:00+00:00,89.0,89.105,87.75,88.56,31388.0
Q,2026-01-14 16:00:00+00:00,88.43,89.75,88.34,88.8,16525.0
Q,2026-01-14 17:00:00+00:00,88.8,89.3,88.71,88.79,15603.0
Q,2026-01-14 18:00:00+00:00,88.79,89.06,88.66,88.87,10731.0
Q,2026-01-14 19:00:00+00:00,88.86,88.91,88.21,88.48,17844.0
Q,2026-01-14 20:00:00+00:00,88.41,89.91,88.13,89.89,55423.0
Q,2026-01-15 09:00:00+00:00,91.28,91.28,91.0,91.0,119.0
Q,2026-01-15 10:00:00+00:00,91.29,91.29,91.29,91.29,2.0
Q,2026-01-15 11:00:00+00:00,92.07,92.07,92.07,92.07,26.0
Q,2026-01-15 12:00:00+00:00,92.07,92.07,92.01,92.01,653.0
Q,2026-01-15 13:00:00+00:00,92.18,92.19,92.18,92.18,137.0
Q,2026-01-15 14:00:00+00:00,92.19,97.56,92.19,96.44,61631.0
Q,2026-01-15 15:00:00+00:00,96.35,97.03,94.37,95.3,162665.0
Q,2026-01-15 16:00:00+00:00,95.23,95.77,94.29,95.77,60321.0
Q,2026-01-15 17:00:00+00:00,95.66,96.0,94.8,94.9,40051.0
Q,2026-01-15 18:00:00+00:00,94.81,95.02,94.36,94.87,54736.0
Q,2026-01-15 19:00:00+00:00,94.83,95.21,94.38,94.74,76605.0
Q,2026-01-15 20:00:00+00:00,94.705,94.9,92.91,93.08,118464.0
Q,2026-01-16 09:00:00+00:00,93.51,93.51,93.12,93.12,90.0
Q,2026-01-16 11:00:00+00:00,93.5,93.5,93.5,93.5,20.0
Q,2026-01-16 12:00:00+00:00,93.5,95.2,93.5,94.03,248.0
Q,2026-01-16 13:00:00+00:00,95.2,95.2,95.2,95.2,300.0
Q,2026-01-16 14:00:00+00:00,94.02,96.16,94.02,94.575,36009.0
Q,2026-01-16 15:00:00+00:00,94.56,98.42,94.36,97.95,97437.0
Q,2026-01-16 16:00:00+00:00,97.99,98.59,97.69,98.2,57893.0
Q,2026-01-16 17:00:00+00:00,98.26,100.13,98.09,99.215,96149.0
Q,2026-01-16 18:00:00+00:00,99.235,99.76,97.43,97.835,53846.0
Q,2026-01-16 19:00:00+00:00,97.84,98.3,96.61,97.18,53957.0
Q,2026-01-16 20:00:00+00:00,97.16,97.34,96.5,97.25,84949.0
Q,2026-01-20 09:00:00+00:00,93.41,93.41,93.41,93.41,9.0
Q,2026-01-20 10:00:00+00:00,94.59,94.59,94.59,94.59,6.0
Q,2026-01-20 11:00:00+00:00,94.11,94.17,94.11,94.17,66.0
Q,2026-01-20 12:00:00+00:00,94.62,94.98,94.5,94.5,81.0
Q,2026-01-20 13:00:00+00:00,94.41,94.41,94.41,94.41,10.0
Q,2026-01-20 14:00:00+00:00,94.41,97.18,93.31,96.82,15982.0
Q,2026-01-20 15:00:00+00:00,96.64,97.56,96.04,96.65,34499.0
Q,2026-01-20 16:00:00+00:00,96.7,96.76,95.66,96.33,12900.0
Q,2026-01-20 17:00:00+00:00,96.27,96.36,95.62,95.75,14295.0
Q,2026-01-20 18:00:00+00:00,95.8,96.07,95.11,95.53,28954.0
Q,2026-01-20 19:00:00+00:00,95.57,95.72,94.83,95.34,21603.0
Q,2026-01-20 20:00:00+00:00,95.47,95.47,94.78,95.15,65697.0
Q,2026-01-20 22:00:00+00:00,95.15,95.15,95.15,95.15,10.0
Q,2026-01-21 09:00:00+00:00,94.94,97.5,94.94,95.63,35.0
Q,2026-01-21 11:00:00+00:00,95.9,95.9,95.9,95.9,30.0
Q,2026-01-21 14:00:00+00:00,96.51,97.91,95.55,97.09,7350.0
Q,2026-01-21 15:00:00+00:00,97.26,99.0,97.15,98.58,39815.0
Q,2026-01-21 16:00:00+00:00,98.525,101.15,98.44,100.525,98229.0
Q,2026-01-21 17:00:00+00:00,100.56,101.51,99.88,101.48,81438.0
Q,2026-01-21 18:00:00+00:00,101.39,101.87,99.595,101.64,63994.0
Q,2026-01-21 19:00:00+00:00,101.61,103.86,101.24,103.22,99597.0
Q,2026-01-21 20:00:00+00:00,103.38,103.79,102.42,102.74,128855.0
Q,2026-01-21 21:00:00+00:00,103.01,103.02,102.94,103.02,26.0
Q,2026-01-21 22:00:00+00:00,103.93,103.93,103.93,103.93,3.0
Q,2026-01-21 23:00:00+00:00,103.01,103.01,103.01,103.01,1.0
Q,2026-01-22 09:00:00+00:00,104.84,104.84,104.84,104.84,100.0
Q,2026-01-22 10:00:00+00:00,104.8,104.83,104.8,104.83,79.0
Q,2026-01-22 11:00:00+00:00,104.51,104.51,104.32,104.32,546.0
Q,2026-01-22 12:00:00+00:00,104.0,106.0,103.84,106.0,608.0
Q,2026-01-22 13:00:00+00:00,106.06,107.2,106.0,106.69,692.0
Q,2026-01-22 14:00:00+00:00,106.25,107.54,102.11,102.32,30928.0
Q,2026-01-22 15:00:00+00:00,102.26,102.5,100.58,101.22,40607.0
Q,2026-01-22 16:00:00+00:00,101.205,101.49,100.09,100.74,85879.0
Q,2026-01-22 17:00:00+00:00,100.59,100.96,100.27,100.44,41290.0
Q,2026-01-22 18:00:00+00:00,100.41,100.41,99.37,99.75,28437.0
Q,2026-01-22 19:00:00+00:00,99.84,99.92,98.91,99.005,28900.0
Q,2026-01-22 20:00:00+00:00,98.94,98.96,97.93,98.74,150242.0
Q,2026-01-22 21:00:00+00:00,98.64,98.69,98.02,98.6,54.0
Q,2026-01-22 22:00:00+00:00,98.6,98.64,98.0,98.64,119.0
Q,2026-01-22 23:00:00+00:00,98.61,98.61,98.0,98.0,27.0
Q,2026-01-23 10:00:00+00:00,98.8,98.8,98.6,98.6,42.0
Q,2026-01-23 11:00:00+00:00,98.59,98.59,98.59,98.59,52.0
Q,2026-01-23 12:00:00+00:00,98.26,98.26,97.81,97.81,21.0
Q,2026-01-23 13:00:00+00:00,98.02,98.02,97.75,97.75,121.0
Q,2026-01-23 14:00:00+00:00,97.85,97.85,95.57,97.075,23378.0
Q,2026-01-23 15:00:00+00:00,97.075,97.21,95.94,96.21,45553.0
Q,2026-01-23 16:00:00+00:00,96.21,96.59,95.59,95.6,19741.0
Q,2026-01-23 17:00:00+00:00,95.59,95.93,95.0,95.13,24924.0
Q,2026-01-23 18:00:00+00:00,95.23,95.9,95.05,95.9,15174.0
Q,2026-01-23 19:00:00+00:00,95.94,96.46,95.93,96.22,16822.0
Q,2026-01-23 20:00:00+00:00,96.24,96.88,95.86,96.12,62127.0
Q,2026-01-23 21:00:00+00:00,96.2,96.2,96.2,96.2,52.0
Q,2026-01-26 09:00:00+00:00,96.0,96.0,96.0,96.0,6.0
Q,2026-01-26 12:00:00+00:00,96.04,96.04,96.04,96.04,100.0
Q,2026-01-26 13:00:00+00:00,95.72,95.72,95.72,95.72,5.0
Q,2026-01-26 14:00:00+00:00,95.72,98.58,95.49,98.58,8809.0
Q,2026-01-26 15:00:00+00:00,98.59,99.33,97.94,98.59,52227.0
Q,2026-01-26 16:00:00+00:00,98.4,99.2,97.64,97.74,32924.0
Q,2026-01-26 17:00:00+00:00,97.67,97.75,97.04,97.46,18194.0
Q,2026-01-26 18:00:00+00:00,97.43,97.6,97.23,97.36,15415.0
Q,2026-01-26 19:00:00+00:00,97.4,97.58,96.86,96.86,31091.0
Q,2026-01-26 20:00:00+00:00,96.86,97.43,96.58,96.815,81741.0
Q,2026-01-26 21:00:00+00:00,96.9,96.9,96.9,96.9,10.0
Q,2026-01-26 23:00:00+00:00,96.74,96.74,96.74,96.74,7.0
Q,2026-01-27 10:00:00+00:00,97.21,97.21,97.21,97.21,15.0
Q,2026-01-27 11:00:00+00:00,97.96,98.0,97.96,98.0,50.0
Q,2026-01-27 13:00:00+00:00,97.36,97.36,97.36,97.36,32.0
Q,2026-01-27 14:00:00+00:00,97.67,99.84,97.67,99.49,6755.0
Q,2026-01-27 15:00:00+00:00,99.17,100.11,99.0,99.925,24074.0
Q,2026-01-27 16:00:00+00:00,99.99,100.43,99.8,99.93,23649.0
Q,2026-01-27 17:00:00+00:00,99.94,100.36,99.83,99.84,11590.0
Q,2026-01-27 18:00:00+00:00,99.84,100.6,99.8,100.33,12222.0
Q,2026-01-27 19:00:00+00:00,100.32,100.4,99.64,99.65,19407.0
Q,2026-01-27 20:00:00+00:00,99.65,100.07,99.3,99.42,49592.0
Q,2026-01-27 21:00:00+00:00,99.4,99.44,99.4,99.44,29.0
Q,2026-01-27 22:00:00+00:00,99.43,99.43,99.43,99.43,2.0
Q,2026-01-28 09:00:00+00:00,101.5,101.5,101.5,101.5,20.0
Q,2026-01-28 11:00:00+00:00,102.7,102.71,101.6,101.65,283.0
Q,2026-01-28 12:00:00+00:00,101.29,101.29,101.29,101.29,2.0
Q,2026-01-28 13:00:00+00:00,100.9,101.24,100.56,100.63,356.0
Q,2026-01-28 14:00:00+00:00,100.65,102.45,100.46,100.49,24474.0
Q,2026-01-28 15:00:00+00:00,100.65,100.88,99.86,99.86,20311.0
Q,2026-01-28 16:00:00+00:00,99.73,100.485,99.35,100.44,33702.0
Q,2026-01-28 17:00:00+00:00,100.33,101.14,100.09,100.95,29898.0
Q,2026-01-28 18:00:00+00:00,100.85,101.9,100.72,101.46,36272.0
Q,2026-01-28 19:00:00+00:00,101.54,103.07,101.41,102.01,37075.0
Q,2026-01-28 20:00:00+00:00,102.03,102.865,101.91,102.485,63419.0
Q,2026-01-28 21:00:00+00:00,102.43,102.75,101.09,102.75,335.0
Q,2026-01-28 22:00:00+00:00,102.38,102.4,102.38,102.4,101.0
Q,2026-01-29 10:00:00+00:00,102.45,102.45,102.45,102.45,52.0
Q,2026-01-29 11:00:00+00:00,102.99,103.0,102.99,103.0,12.0
Q,2026-01-29 12:00:00+00:00,102.98,102.98,102.6,102.6,126.0
Q,2026-01-29 13:00:00+00:00,102.63,102.75,102.63,102.68,549.0
Q,2026-01-29 14:00:00+00:00,102.61,102.75,99.36,99.36,12534.0
Q,2026-01-29 15:00:00+00:00,99.08,99.56,96.82,97.01,40444.0
Q,2026-01-29 16:00:00+00:00,96.81,98.1,96.54,97.89,19693.0
Q,2026-01-29 17:00:00+00:00,97.93,99.82,97.93,98.18,20714.0
Q,2026-01-29 18:00:00+00:00,98.21,98.87,97.93,98.18,9321.0
Q,2026-01-29 19:00:00+00:00,98.16,98.88,97.96,98.09,12821.0
Q,2026-01-29 20:00:00+00:00,98.09,100.0,98.08,99.94,58770.0
Q,2026-01-29 21:00:00+00:00,99.92,99.92,99.92,99.92,5.0
Q,2026-01-29 22:00:00+00:00,99.03,99.12,99.03,99.12,11.0
Q,2026-01-30 12:00:00+00:00,99.44,99.44,99.44,99.44,2.0
Q,2026-01-30 13:00:00+00:00,97.98,97.99,97.98,97.99,10.0
Q,2026-01-30 14:00:00+00:00,98.0,99.67,96.95,97.59,31176.0
Q,2026-01-30 15:00:00+00:00,97.49,99.1,97.24,98.5,23046.0
Q,2026-01-30 16:00:00+00:00,98.47,98.5,97.57,98.04,26238.0
Q,2026-01-30 17:00:00+00:00,97.97,98.12,96.97,96.97,56140.0
Q,2026-01-30 18:00:00+00:00,97.0,97.74,96.1,97.71,18777.0
Q,2026-01-30 19:00:00+00:00,97.775,98.89,97.6,97.6,46522.0
Q,2026-01-30 20:00:00+00:00,97.72,98.12,96.01,96.14,96577.0
Q,2026-01-30 21:00:00+00:00,97.8,97.8,96.59,97.73,16.0
Q,2026-01-30 22:00:00+00:00,97.01,97.49,97.0,97.45,8.0
Q,2026-01-30 23:00:00+00:00,97.86,97.86,96.82,96.82,43.0
Q,2026-02-02 11:00:00+00:00,94.55,94.55,94.55,94.55,1.0
Q,2026-02-02 12:00:00+00:00,95.51,96.16,95.51,96.16,122.0
Q,2026-02-02 13:00:00+00:00,95.62,95.62,95.62,95.62,5.0
Q,2026-02-02 14:00:00+00:00,96.49,98.74,96.49,97.59,9308.0
Q,2026-02-02 15:00:00+00:00,97.62,100.34,97.58,99.2,43324.0
Q,2026-02-02 16:00:00+00:00,99.02,100.33,98.78,100.165,26761.0
Q,2026-02-02 17:00:00+00:00,100.14,100.47,100.12,100.43,21102.0
Q,2026-02-02 18:00:00+00:00,100.39,100.48,99.32,99.93,14126.0
Q,2026-02-02 19:00:00+00:00,99.83,100.33,99.83,99.92,29024.0
Q,2026-02-02 20:00:00+00:00,99.93,100.83,99.49,100.67,102645.0
Q,2026-02-02 21:00:00+00:00,100.65,101.15,100.65,101.0,240.0
Q,2026-02-02 22:00:00+00:00,101.95,101.95,101.05,101.07,10.0
Q,2026-02-02 23:00:00+00:00,101.03,101.98,101.03,101.98,20.0
Q,2026-02-03 09:00:00+00:00,101.33,101.47,101.33,101.47,2.0
Q,2026-02-03 10:00:00+00:00,101.47,101.47,101.47,101.47,10.0
Q,2026-02-03 11:00:00+00:00,101.1,101.1,101.0,101.0,5.0
Q,2026-02-03 12:00:00+00:00,101.0,101.04,101.0,101.04,47.0
Q,2026-02-03 13:00:00+00:00,101.01,101.05,101.01,101.05,26.0
Q,2026-02-03 14:00:00+00:00,101.14,102.42,99.15,99.49,18090.0
Q,2026-02-03 15:00:00+00:00,99.66,102.44,99.37,102.06,61619.0
Q,2026-02-03 16:00:00+00:00,101.93,102.14,100.49,100.65,29761.0
Q,2026-02-03 17:00:00+00:00,100.65,100.72,98.26,99.36,42782.0
Q,2026-02-03 18:00:00+00:00,99.39,99.88,97.57,97.57,30222.0
Q,2026-02-03 19:00:00+00:00,97.64,99.1,97.64,98.95,38307.0
Q,2026-02-03 20:00:00+00:00,99.025,99.88,98.71,99.865,79100.0
Q,2026-02-03 21:00:00+00:00,99.9,99.9,99.88,99.88,37.0
Q,2026-02-03 23:00:00+00:00,100.31,100.31,100.31,100.31,60.0
Q,2026-02-04 11:00:00+00:00,99.92,99.92,99.92,99.92,15.0
Q,2026-02-04 12:00:00+00:00,100.58,100.8,100.53,100.53,26.0
Q,2026-02-04 14:00:00+00:00,100.48,100.72,98.53,99.36,9330.0
Q,2026-02-04 15:00:00+00:00,99.29,100.325,97.3,97.3,28551.0
Q,2026-02-04 16:00:00+00:00,97.12,97.42,95.32,95.69,30830.0
Q,2026-02-04 17:00:00+00:00,95.49,95.83,93.77,94.26,38322.0
Q,2026-02-04 18:00:00+00:00,94.11,95.08,93.32,93.59,31414.0
Q,2026-02-04 19:00:00+00:00,93.59,96.82,92.95,96.49,32397.0
Q,2026-02-04 20:00:00+00:00,96.49,96.93,95.43,95.53,66430.0
Q,2026-02-04 21:00:00+00:00,96.0,96.0,96.0,96.0,5.0
Q,2026-02-04 22:00:00+00:00,95.56,95.56,95.56,95.56,12.0
Q,2026-02-04 23:00:00+00:00,95.88,95.88,95.88,95.88,5.0
Q,2026-02-05 09:00:00+00:00,96.0,96.0,96.0,96.0,2.0
Q,2026-02-05 11:00:00+00:00,96.55,96.55,96.5,96.5,296.0
Q,2026-02-05 12:00:00+00:00,96.12,96.12,94.51,94.51,206.0
Q,2026-02-05 13:00:00+00:00,94.02,95.11,94.01,95.11,43.0
Q,2026-02-05 14:00:00+00:00,94.95,96.99,92.99,95.725,14334.0
Q,2026-02-05 15:00:00+00:00,95.6,95.66,93.55,94.12,43607.0
Q,2026-02-05 16:00:00+00:00,94.4,94.9,93.49,94.72,23166.0
Q,2026-02-05 17:00:00+00:00,94.71,95.36,94.095,94.91,23058.0
Q,2026-02-05 18:00:00+00:00,94.965,94.98,93.26,93.68,12998.0
Q,2026-02-05 19:00:00+00:00,93.68,94.44,93.52,94.17,11762.0
Q,2026-02-05 20:00:00+00:00,94.155,94.57,92.78,92.78,48838.0
Q,2026-02-05 21:00:00+00:00,92.77,92.77,92.0,92.29,60.0
Q,2026-02-06 10:00:00+00:00,93.14,93.14,93.14,93.14,2.0
Q,2026-02-06 11:00:00+00:00,94.17,96.99,94.17,96.99,66.0
Q,2026-02-06 12:00:00+00:00,95.69,95.7,95.69,95.7,100.0
Q,2026-02-06 14:00:00+00:00,95.0,98.1,94.75,97.32,11943.0
Q,2026-02-06 15:00:00+00:00,97.71,98.65,96.69,98.35,29577.0
Q,2026-02-06 16:00:00+00:00,98.46,99.64,98.11,99.26,35169.0
Q,2026-02-06 17:00:00+00:00,99.26,99.37,98.46,98.73,15130.0
Q,2026-02-06 18:00:00+00:00,98.79,99.56,98.43,99.515,15200.0
Q,2026-02-06 19:00:00+00:00,99.515,99.76,98.88,99.08,9811.0
Q,2026-02-06 20:00:00+00:00,98.96,99.44,97.95,98.215,101166.0
Q,2026-02-06 21:00:00+00:00,98.37,98.37,98.37,98.37,16.0
Q,2026-02-06 22:00:00+00:00,98.37,98.37,98.1,98.1,21.0
Q,2026-02-06 23:00:00+00:00,98.27,98.27,98.27,98.27,9.0
Q,2026-02-09 09:00:00+00:00,99.66,99.66,98.22,98.22,106.0
Q,2026-02-09 10:00:00+00:00,99.65,99.65,99.65,99.65,1.0
Q,2026-02-09 11:00:00+00:00,98.5,98.5,98.45,98.45,11.0
Q,2026-02-09 12:00:00+00:00,98.45,98.5,97.99,97.99,167.0
Q,2026-02-09 13:00:00+00:00,98.48,98.48,97.94,98.18,227.0
Q,2026-02-09 14:00:00+00:00,97.61,101.04,97.5,101.0,14730.0
Q,2026-02-09 15:00:00+00:00,100.7,102.69,100.35,101.91,30372.0
Q,2026-02-09 16:00:00+00:00,101.98,103.01,101.98,102.63,36140.0
Q,2026-02-09 17:00:00+00:00,102.65,103.42,102.65,102.99,29875.0
Q,2026-02-09 18:00:00+00:00,102.97,104.5,102.68,104.17,22556.0
Q,2026-02-09 19:00:00+00:00,104.17,106.29,104.17,106.14,67880.0
Q,2026-02-09 20:00:00+00:00,106.13,106.13,104.755,105.24,124199.0
Q,2026-02-09 21:00:00+00:00,105.33,105.71,105.2,105.2,62.0
Q,2026-02-09 22:00:00+00:00,104.8,105.5,104.56,104.75,60.0
Q,2026-02-10 09:00:00+00:00,107.0,108.17,107.0,107.92,3923.0
Q,2026-02-10 10:00:00+00:00,107.64,107.64,107.0,107.0,113.0
Q,2026-02-10 11:00:00+00:00,106.0,106.0,105.75,105.75,90.0
Q,2026-02-10 12:00:00+00:00,106.51,108.34,106.51,107.99,5541.0
Q,2026-02-10 13:00:00+00:00,108.0,108.79,106.35,108.72,5851.0
Q,2026-02-10 14:00:00+00:00,108.23,110.975,107.34,108.31,116437.0
Q,2026-02-10 15:00:00+00:00,108.125,109.38,108.12,108.82,93777.0
Q,2026-02-10 16:00:00+00:00,108.9,111.33,108.9,110.69,61587.0
Q,2026-02-10 17:00:00+00:00,110.78,112.37,110.31,111.92,46051.0
Q,2026-02-10 18:00:00+00:00,111.81,111.99,109.535,110.06,45830.0
Q,2026-02-10 19:00:00+00:00,110.09,110.78,109.55,110.35,55258.0
Q,2026-02-10 20:00:00+00:00,110.32,110.34,108.67,109.3,81796.0
Q,2026-02-10 21:00:00+00:00,109.34,110.0,109.34,109.5,159.0
Q,2026-02-10 22:00:00+00:00,110.02,110.02,110.0,110.0,157.0
Q,2026-02-10 23:00:00+00:00,109.32,109.34,109.32,109.34,16.0
Q,2026-02-11 10:00:00+00:00,110.0,110.0,110.0,110.0,10.0
Q,2026-02-11 11:00:00+00:00,109.5,109.96,109.3,109.96,74.0
Q,2026-02-11 12:00:00+00:00,109.5,110.47,109.5,110.0,333.0
Q,2026-02-11 13:00:00+00:00,110.0,111.8,110.0,111.51,493.0
Q,2026-02-11 14:00:00+00:00,111.48,112.65,109.955,111.97,40011.0
Q,2026-02-11 15:00:00+00:00,111.98,112.68,109.04,112.68,56690.0
Q,2026-02-11 16:00:00+00:00,112.845,113.49,111.99,113.44,62587.0
Q,2026-02-11 17:00:00+00:00,113.33,113.65,112.1,112.83,68402.0
Q,2026-02-11 18:00:00+00:00,113.0,113.45,111.62,111.64,27358.0
Q,2026-02-11 19:00:00+00:00,111.64,113.905,111.61,113.57,34213.0
Q,2026-02-11 20:00:00+00:00,113.48,114.88,113.48,114.51,83202.0
Q,2026-02-11 21:00:00+00:00,114.34,118.0,114.23,115.75,2278.0
Q,2026-02-11 22:00:00+00:00,115.74,116.52,115.74,116.35,431.0
Q,2026-02-11 23:00:00+00:00,116.0,116.74,116.0,116.0,432.0
Q,2026-02-12 09:00:00+00:00,117.71,117.71,117.71,117.71,15.0
Q,2026-02-12 10:00:00+00:00,117.19,118.8,117.19,118.8,249.0
Q,2026-02-12 11:00:00+00:00,118.95,118.95,118.2,118.2,44.0
Q,2026-02-12 12:00:00+00:00,118.2,118.2,117.5,117.56,4335.0
Q,2026-02-12 13:00:00+00:00,117.56,117.56,116.26,116.8,449.0
Q,2026-02-12 14:00:00+00:00,116.94,117.68,114.2,114.54,32532.0
Q,2026-02-12 15:00:00+00:00,114.73,116.37,113.2,113.39,34915.0
Q,2026-02-12 16:00:00+00:00,113.27,113.51,109.585,109.62,86913.0
Q,2026-02-12 17:00:00+00:00,109.61,110.32,107.57,108.07,90680.0
Q,2026-02-12 18:00:00+00:00,107.96,109.095,107.64,108.44,25681.0
Q,2026-02-12 19:00:00+00:00,108.77,110.39,107.75,109.885,27893.0
Q,2026-02-12 20:00:00+00:00,109.79,110.09,108.17,108.515,55413.0
Q,2026-02-12 21:00:00+00:00,110.65,110.65,109.09,109.09,5.0
Q,2026-02-12 22:00:00+00:00,110.02,110.64,109.08,109.2,247.0
Q,2026-02-12 23:00:00+00:00,109.11,110.06,109.11,109.21,62.0
Q,2026-02-13 09:00:00+00:00,109.0,109.0,109.0,109.0,10.0
Q,2026-02-13 11:00:00+00:00,109.5,109.5,109.5,109.5,7.0
Q,2026-02-13 12:00:00+00:00,108.5,108.5,108.12,108.12,17.0
Q,2026-02-13 13:00:00+00:00,109.0,110.0,109.0,109.1,120.0
Q,2026-02-13 14:00:00+00:00,108.55,111.5,108.14,109.95,17338.0
Q,2026-02-13 15:00:00+00:00,110.29,113.835,110.29,112.685,33829.0
Q,2026-02-13 16:00:00+00:00,112.685,113.5,111.52,111.745,31234.0
Q,2026-02-13 17:00:00+00:00,111.49,113.55,111.45,113.02,33750.0
Q,2026-02-13 18:00:00+00:00,113.17,113.695,112.83,112.83,23224.0
Q,2026-02-13 19:00:00+00:00,112.77,112.84,111.7,111.89,38770.0
Q,2026-02-13 20:00:00+00:00,111.9,112.46,111.54,111.69,63355.0
Q,2026-02-13 21:00:00+00:00,111.78,112.21,111.71,111.73,340.0
Q,2026-02-13 22:00:00+00:00,111.7,111.92,111.7,111.92,28.0
Q,2026-02-13 23:00:00+00:00,111.85,112.7,111.85,112.7,36.0
Q,2026-02-17 11:00:00+00:00,111.75,112.8,111.75,112.8,99.0
Q,2026-02-17 13:00:00+00:00,111.51,111.51,111.0,111.0,132.0
Q,2026-02-17 14:00:00+00:00,111.51,111.81,108.34,108.405,24350.0
Q,2026-02-17 15:00:00+00:00,108.41,111.18,108.08,111.1,42060.0
Q,2026-02-17 16:00:00+00:00,111.1,112.56,111.08,111.86,22767.0
Q,2026-02-17 17:00:00+00:00,111.72,112.66,111.08,111.81,28039.0
Q,2026-02-17 18:00:00+00:00,111.755,112.94,111.27,112.74,34381.0
Q,2026-02-17 19:00:00+00:00,112.72,113.2,112.33,112.74,21919.0
Q,2026-02-17 20:00:00+00:00,112.68,112.985,111.62,112.005,51262.0
Q,2026-02-17 21:00:00+00:00,111.87,111.95,111.87,111.95,19.0
Q,2026-02-17 22:00:00+00:00,112.14,112.14,112.14,112.14,2.0
Q,2026-02-18 10:00:00+00:00,113.0,113.1,113.0,113.1,131.0
Q,2026-02-18 12:00:00+00:00,112.7,113.84,112.7,113.84,296.0
Q,2026-02-18 13:00:00+00:00,113.0,113.2,113.0,113.0,263.0
Q,2026-02-18 14:00:00+00:00,112.06,115.31,111.78,115.29,18240.0
Q,2026-02-18 15:00:00+00:00,115.64,116.49,115.45,115.82,53072.0
Q,2026-02-18 16:00:00+00:00,115.81,116.71,115.69,116.58,42736.0
Q,2026-02-18 17:00:00+00:00,116.55,117.11,116.27,116.51,36862.0
Q,2026-02-18 18:00:00+00:00,116.5,116.77,115.6,116.31,49079.0
Q,2026-02-18 19:00:00+00:00,116.12,116.44,113.5,113.665,43324.0
Q,2026-02-18 20:00:00+00:00,113.715,115.255,113.23,115.255,99956.0
Q,2026-02-18 21:00:00+00:00,115.99,115.99,115.99,115.99,4.0
Q,2026-02-18 22:00:00+00:00,114.3,114.3,114.0,114.0,33.0
Q,2026-02-18 23:00:00+00:00,114.95,114.95,114.95,114.95,50.0
Q,2026-02-19 10:00:00+00:00,115.98,115.98,115.89,115.89,6.0
Q,2026-02-19 11:00:00+00:00,115.83,115.83,115.83,115.83,55.0
Q,2026-02-19 12:00:00+00:00,114.99,115.0,113.95,113.95,31.0
Q,2026-02-19 13:00:00+00:00,114.13,114.94,114.0,114.94,63.0
Q,2026-02-19 14:00:00+00:00,114.21,115.0,112.92,114.14,33204.0
Q,2026-02-19 15:00:00+00:00,113.77,114.78,112.65,112.8,35356.0
Q,2026-02-19 16:00:00+00:00,112.81,113.51,111.56,111.87,27711.0
Q,2026-02-19 17:00:00+00:00,112.01,112.295,111.16,111.37,25832.0
Q,2026-02-19 18:00:00+00:00,111.35,111.56,110.65,111.48,21100.0
Q,2026-02-19 19:00:00+00:00,111.44,112.585,111.4,112.09,23960.0
Q,2026-02-19 20:00:00+00:00,112.12,112.84,111.875,112.84,55954.0
Q,2026-02-19 21:00:00+00:00,112.82,113.73,112.81,113.73,163.0
Q,2026-02-19 22:00:00+00:00,113.72,113.72,113.72,113.72,1.0
Q,2026-02-19 23:00:00+00:00,112.89,112.89,112.89,112.89,1.0
Q,2026-02-20 09:00:00+00:00,114.88,114.88,114.88,114.88,1.0
Q,2026-02-20 10:00:00+00:00,114.85,114.85,114.85,114.85,18.0
Q,2026-02-20 11:00:00+00:00,114.85,114.85,113.11,113.11,108.0
Q,2026-02-20 12:00:00+00:00,113.41,113.41,113.41,113.41,9.0
Q,2026-02-20 13:00:00+00:00,112.15,112.15,112.15,112.15,21.0
Q,2026-02-20 14:00:00+00:00,111.86,114.06,111.53,114.02,5338.0
Q,2026-02-20 15:00:00+00:00,113.92,116.19,113.89,114.895,42755.0
Q,2026-02-20 16:00:00+00:00,114.76,114.95,112.41,112.62,50326.0
Q,2026-02-20 17:00:00+00:00,112.65,112.74,111.34,112.28,21680.0
Q,2026-02-20 18:00:00+00:00,112.24,113.22,111.75,113.195,22598.0
Q,2026-02-20 19:00:00+00:00,113.23,113.35,112.3,112.54,23329.0
Q,2026-02-20 20:00:00+00:00,112.54,113.62,112.45,113.43,49838.0
Q,2026-02-20 21:00:00+00:00,113.46,113.46,113.2,113.2,90.0
Q,2026-02-23 09:00:00+00:00,111.5,111.5,111.5,111.5,5.0
Q,2026-02-23 12:00:00+00:00,111.96,112.15,111.84,112.15,270.0
Q,2026-02-23 14:00:00+00:00,112.33,113.83,112.185,112.185,17353.0
Q,2026-02-23 15:00:00+00:00,112.18,113.01,111.33,111.35,29387.0
Q,2026-02-23 16:00:00+00:00,111.48,112.12,110.83,110.83,32453.0
Q,2026-02-23 17:00:00+00:00,110.935,111.1,110.14,110.64,22762.0
Q,2026-02-23 18:00:00+00:00,110.72,111.57,110.625,110.79,55058.0
Q,2026-02-23 19:00:00+00:00,110.75,111.145,110.58,110.89,19621.0
Q,2026-02-23 20:00:00+00:00,110.95,111.79,110.95,111.55,86860.0
Q,2026-02-23 21:00:00+00:00,111.54,111.54,111.54,111.54,1.0
Q,2026-02-23 22:00:00+00:00,111.58,111.58,111.58,111.58,9.0
Q,2026-02-23 23:00:00+00:00,112.11,112.11,112.11,112.11,60.0
Q,2026-02-24 10:00:00+00:00,111.58,112.7,111.58,112.5,50.0
Q,2026-02-24 11:00:00+00:00,112.47,112.47,112.45,112.45,2.0
Q,2026-02-24 12:00:00+00:00,112.5,112.75,112.5,112.58,362.0
Q,2026-02-24 13:00:00+00:00,112.96,112.96,112.96,112.96,28.0
Q,2026-02-24 14:00:00+00:00,112.5,117.34,112.0,116.555,28165.0
Q,2026-02-24 15:00:00+00:00,116.555,117.825,115.99,117.485,42897.0
Q,2026-02-24 16:00:00+00:00,117.485,117.76,116.6,116.6,34963.0
Q,2026-02-24 17:00:00+00:00,116.59,116.62,115.8,115.84,22991.0
Q,2026-02-24 18:00:00+00:00,115.83,116.0,115.37,115.55,16412.0
Q,2026-02-24 19:00:00+00:00,115.5,115.52,114.32,114.33,59488.0
Q,2026-02-24 20:00:00+00:00,114.39,116.86,114.04,116.79,91620.0
Q,2026-02-24 21:00:00+00:00,116.99,117.11,116.99,117.09,329.0
Q,2026-02-25 10:00:00+00:00,118.98,118.98,118.09,118.09,109.0
Q,2026-02-25 11:00:00+00:00,118.93,118.98,118.12,118.98,117.0
Q,2026-02-25 12:00:00+00:00,118.18,118.46,118.09,118.44,770.0
Q,2026-02-25 13:00:00+00:00,118.98,119.42,118.7,118.7,838.0
Q,2026-02-25 14:00:00+00:00,118.93,118.93,116.99,117.69,28266.0
Q,2026-02-25 15:00:00+00:00,117.65,118.4,116.77,117.01,70647.0
Q,2026-02-25 16:00:00+00:00,117.005,118.28,116.685,118.02,80204.0
Q,2026-02-25 17:00:00+00:00,117.87,119.26,117.85,118.88,48642.0
Q,2026-02-25 18:00:00+00:00,118.88,119.91,118.79,119.07,70676.0
Q,2026-02-25 19:00:00+00:00,119.075,119.52,118.59,118.96,63713.0
Q,2026-02-25 20:00:00+00:00,118.96,120.1,118.33,119.885,182209.0
Q,2026-02-25 21:00:00+00:00,118.21,121.09,118.21,121.09,255.0
Q,2026-02-25 22:00:00+00:00,120.58,122.75,120.51,122.75,554.0
Q,2026-02-25 23:00:00+00:00,122.66,123.48,122.21,122.21,313.0
Q,2026-02-26 09:00:00+00:00,124.05,126.0,123.23,124.4,977.0
Q,2026-02-26 10:00:00+00:00,124.42,124.66,121.4,121.7,274.0
Q,2026-02-26 11:00:00+00:00,123.74,125.5,121.5,125.0,3896.0
Q,2026-02-26 12:00:00+00:00,124.74,127.5,123.5,127.5,1940.0
Q,2026-02-26 13:00:00+00:00,127.5,135.0,126.5,133.24,6074.0
Q,2026-02-26 14:00:00+00:00,134.71,143.11,124.0,125.44,264028.0
Q,2026-02-26 15:00:00+00:00,125.58,126.0,117.3,124.2,357213.0
Q,2026-02-26 16:00:00+00:00,124.3,125.43,122.47,123.1,114278.0
Q,2026-02-26 17:00:00+00:00,123.16,123.43,119.245,122.67,84756.0
Q,2026-02-26 18:00:00+00:00,122.59,123.26,120.84,121.14,77168.0
Q,2026-02-26 19:00:00+00:00,121.08,125.06,120.77,124.43,78239.0
Q,2026-02-26 20:00:00+00:00,124.48,125.0,123.62,124.77,117230.0
Q,2026-02-26 21:00:00+00:00,124.5,126.0,124.5,125.0,469.0
Q,2026-02-26 22:00:00+00:00,124.84,125.0,123.9,123.9,278.0
Q,2026-02-26 23:00:00+00:00,124.0,124.68,124.0,124.68,130.0
Q,2026-02-27 09:00:00+00:00,124.7,124.7,124.7,124.7,19.0
Q,2026-02-27 10:00:00+00:00,124.78,124.78,124.68,124.68,102.0
Q,2026-02-27 11:00:00+00:00,124.68,124.68,121.85,121.87,73.0
Q,2026-02-27 12:00:00+00:00,124.48,124.48,121.84,121.84,578.0
Q,2026-02-27 13:00:00+00:00,122.0,122.74,121.28,122.0,734.0
Q,2026-02-27 14:00:00+00:00,122.0,124.05,120.78,121.62,21400.0
Q,2026-02-27 15:00:00+00:00,121.63,123.16,121.27,123.13,55377.0
Q,2026-02-27 16:00:00+00:00,122.97,123.86,122.4,123.395,37443.0
Q,2026-02-27 17:00:00+00:00,123.38,124.18,122.16,122.73,29056.0
Q,2026-02-27 18:00:00+00:00,122.65,123.195,122.08,123.11,24646.0
Q,2026-02-27 19:00:00+00:00,123.16,123.84,123.06,123.38,33495.0
Q,2026-02-27 20:00:00+00:00,123.4,127.14,123.35,126.86,118140.0
Q,2026-02-27 21:00:00+00:00,126.5,127.02,126.5,127.0,90.0
Q,2026-02-27 22:00:00+00:00,127.15,127.28,126.82,127.28,84.0
Q,2026-02-27 23:00:00+00:00,126.78,126.8,126.02,126.06,64.0
Q,2026-03-02 09:00:00+00:00,121.5,122.5,121.5,122.11,227.0
Q,2026-03-02 10:00:00+00:00,122.8,122.8,122.42,122.8,24.0
Q,2026-03-02 11:00:00+00:00,123.0,123.0,123.0,123.0,3.0
Q,2026-03-02 12:00:00+00:00,123.49,123.49,122.98,122.98,273.0
Q,2026-03-02 13:00:00+00:00,123.22,123.6,123.22,123.6,165.0
Q,2026-03-02 14:00:00+00:00,123.05,124.65,121.86,122.24,15879.0
Q,2026-03-02 15:00:00+00:00,122.01,123.72,121.29,123.03,48748.0
Q,2026-03-02 16:00:00+00:00,123.115,124.75,122.42,124.27,26429.0
Q,2026-03-02 17:00:00+00:00,124.27,125.96,124.09,125.65,16960.0
Q,2026-03-02 18:00:00+00:00,125.66,126.07,124.4,124.43,16508.0
Q,2026-03-02 19:00:00+00:00,124.4,125.38,124.32,124.84,14618.0
Q,2026-03-02 20:00:00+00:00,124.84,125.0,123.44,123.94,50040.0
Q,2026-03-02 21:00:00+00:00,123.99,123.99,123.99,123.99,7.0
Q,2026-03-02 22:00:00+00:00,123.54,124.03,123.11,123.18,266.0
Q,2026-03-02 23:00:00+00:00,124.0,125.39,124.0,125.39,100.0
Q,2026-03-03 09:00:00+00:00,118.43,118.56,115.12,115.3,2776.0
Q,2026-03-03 10:00:00+00:00,116.06,116.94,114.97,115.53,4871.0
Q,2026-03-03 11:00:00+00:00,115.06,118.54,115.06,118.54,270.0
Q,2026-03-03 12:00:00+00:00,118.4,120.01,118.33,120.0,1041.0
Q,2026-03-03 13:00:00+00:00,120.08,120.08,117.35,117.47,272.0
Q,2026-03-03 14:00:00+00:00,117.94,119.15,115.37,116.43,45994.0
Q,2026-03-03 15:00:00+00:00,116.44,117.21,113.89,115.5,53377.0
Q,2026-03-03 16:00:00+00:00,115.565,118.52,115.23,118.17,48045.0
Q,2026-03-03 17:00:00+00:00,118.01,119.24,117.62,118.61,37950.0
Q,2026-03-03 18:00:00+00:00,118.6,119.06,118.29,118.75,22301.0
Q,2026-03-03 19:00:00+00:00,118.68,119.01,116.47,117.8,31083.0
Q,2026-03-03 20:00:00+00:00,117.62,118.39,116.01,116.15,94243.0
Q,2026-03-03 21:00:00+00:00,117.94,117.94,115.46,115.46,139.0
Q,2026-03-03 22:00:00+00:00,115.41,116.0,115.41,116.0,45.0
Q,2026-03-03 23:00:00+00:00,115.4,115.4,115.4,115.4,2.0
Q,2026-03-04 09:00:00+00:00,116.03,117.12,115.95,117.0,863.0
Q,2026-03-04 10:00:00+00:00,117.52,119.9,117.5,119.9,329.0
Q,2026-03-04 11:00:00+00:00,118.0,118.0,117.26,117.45,140.0
Q,2026-03-04 12:00:00+00:00,117.45,117.45,117.2,117.38,216.0
Q,2026-03-04 13:00:00+00:00,118.88,119.95,118.62,118.62,7557.0
Q,2026-03-04 14:00:00+00:00,118.61,120.5,117.11,117.245,16517.0
Q,2026-03-04 15:00:00+00:00,117.41,119.44,116.84,119.44,41176.0
Q,2026-03-04 16:00:00+00:00,119.48,119.84,117.98,119.16,27061.0
Q,2026-03-04 17:00:00+00:00,119.13,120.58,119.07,119.95,24963.0
Q,2026-03-04 18:00:00+00:00,119.95,119.95,118.49,118.955,22210.0
Q,2026-03-04 19:00:00+00:00,118.88,120.25,118.8,119.78,42224.0
Q,2026-03-04 20:00:00+00:00,119.78,120.6,119.67,120.03,72280.0
Q,2026-03-04 21:00:00+00:00,119.82,119.82,119.82,119.82,66.0
Q,2026-03-04 22:00:00+00:00,120.87,120.87,120.87,120.87,28.0
Q,2026-03-04 23:00:00+00:00,120.85,120.85,120.85,120.85,25.0
Q,2026-03-05 10:00:00+00:00,120.31,120.31,120.0,120.0,310.0
Q,2026-03-05 11:00:00+00:00,119.8,119.8,119.8,119.8,5.0
Q,2026-03-05 13:00:00+00:00,119.55,119.55,118.6,118.6,15.0
Q,2026-03-05 14:00:00+00:00,118.64,119.64,116.55,119.38,14950.0
Q,2026-03-05 15:00:00+00:00,119.36,119.59,118.34,119.395,17623.0
Q,2026-03-05 16:00:00+00:00,119.23,119.23,116.98,117.15,31516.0
Q,2026-03-05 17:00:00+00:00,117.32,117.89,113.44,114.03,29680.0
Q,2026-03-05 18:00:00+00:00,113.945,115.25,113.84,114.715,22405.0
Q,2026-03-05 19:00:00+00:00,114.72,115.37,113.77,114.5,21898.0
Q,2026-03-05 20:00:00+00:00,114.5,116.07,114.42,115.91,83404.0
Q,2026-03-05 22:00:00+00:00,114.29,114.31,114.0,114.31,36.0
Q,2026-03-05 23:00:00+00:00,115.65,115.65,114.23,114.23,83.0
Q,2026-03-06 09:00:00+00:00,115.93,115.93,114.98,114.98,30.0
Q,2026-03-06 10:00:00+00:00,114.98,115.0,114.98,114.98,107.0
Q,2026-03-06 11:00:00+00:00,114.51,114.51,113.98,114.0,155.0
Q,2026-03-06 12:00:00+00:00,114.23,114.23,114.06,114.06,54.0
Q,2026-03-06 13:00:00+00:00,113.65,114.78,112.0,112.0,644.0
Q,2026-03-06 14:00:00+00:00,111.99,113.39,111.06,112.32,23798.0
Q,2026-03-06 15:00:00+00:00,112.32,115.92,112.22,114.8,48894.0
Q,2026-03-06 16:00:00+00:00,114.63,114.9,113.39,113.74,17885.0
Q,2026-03-06 17:00:00+00:00,113.7,113.79,112.3,112.64,19049.0
Q,2026-03-06 18:00:00+00:00,112.685,113.75,112.365,112.41,20664.0
Q,2026-03-06 19:00:00+00:00,112.41,112.61,111.7,111.835,37695.0
Q,2026-03-06 20:00:00+00:00,111.835,112.09,109.24,110.105,112123.0
Q,2026-03-06 21:00:00+00:00,110.94,110.94,109.75,110.25,179.0
Q,2026-03-06 22:00:00+00:00,110.5,110.5,110.02,110.06,70.0
Q,2026-03-06 23:00:00+00:00,110.0,110.0,110.0,110.0,1.0
Q,2026-03-09 08:00:00+00:00,107.71,107.71,107.71,107.71,8.0
Q,2026-03-09 09:00:00+00:00,107.0,109.0,107.0,108.99,249.0
Q,2026-03-09 11:00:00+00:00,108.5,108.5,106.36,106.54,333.0
Q,2026-03-09 12:00:00+00:00,106.39,108.09,106.36,108.0,103.0
Q,2026-03-09 13:00:00+00:00,106.41,109.55,106.21,109.53,20394.0
Q,2026-03-09 14:00:00+00:00,109.22,111.27,108.91,110.16,48717.0
Q,2026-03-09 15:00:00+00:00,110.185,111.14,110.08,110.76,32695.0
Q,2026-03-09 16:00:00+00:00,110.78,111.67,110.49,111.06,38167.0
Q,2026-03-09 17:00:00+00:00,111.07,111.18,109.89,110.34,30656.0
Q,2026-03-09 18:00:00+00:00,110.42,111.74,110.37,110.97,24049.0
Q,2026-03-09 19:00:00+00:00,111.06,114.37,111.03,114.22,57692.0
Q,2026-03-09 20:00:00+00:00,114.0,114.94,114.0,114.94,254.0
Q,2026-03-09 21:00:00+00:00,114.96,115.94,114.96,114.99,29.0
Q,2026-03-09 22:00:00+00:00,113.0,114.99,112.26,112.26,210.0
Q,2026-03-09 23:00:00+00:00,114.19,114.19,113.94,113.99,52.0
Q,2026-03-10 08:00:00+00:00,116.31,117.55,115.99,116.0,81.0
Q,2026-03-10 09:00:00+00:00,115.0,115.0,115.0,115.0,5.0
Q,2026-03-10 11:00:00+00:00,115.0,115.0,114.5,114.5,262.0
Q,2026-03-10 12:00:00+00:00,113.8,113.8,113.68,113.68,78.0
Q,2026-03-10 13:00:00+00:00,113.69,114.75,113.16,114.31,19733.0
Q,2026-03-10 14:00:00+00:00,114.23,115.65,113.375,115.55,25284.0
Q,2026-03-10 15:00:00+00:00,115.53,116.67,115.495,116.16,36103.0
Q,2026-03-10 16:00:00+00:00,116.15,116.32,115.04,116.17,23514.0
Q,2026-03-10 17:00:00+00:00,116.165,117.14,116.165,116.59,26192.0
Q,2026-03-10 18:00:00+00:00,116.57,116.72,114.61,114.945,37786.0
Q,2026-03-10 19:00:00+00:00,114.94,115.55,113.92,114.01,48769.0
Q,2026-03-10 20:00:00+00:00,114.07,114.92,113.75,114.01,102.0
Q,2026-03-10 21:00:00+00:00,114.51,114.51,114.01,114.09,73.0
Q,2026-03-10 22:00:00+00:00,114.9,114.9,114.04,114.04,90.0
Q,2026-03-11 10:00:00+00:00,112.94,112.94,112.94,112.94,2.0
Q,2026-03-11 11:00:00+00:00,115.0,115.0,114.0,114.0,33.0
Q,2026-03-11 12:00:00+00:00,113.13,113.13,113.1,113.12,100.0
Q,2026-03-11 13:00:00+00:00,114.05,115.25,113.77,115.25,13660.0
Q,2026-03-11 14:00:00+00:00,115.36,116.64,114.65,116.64,15905.0
Q,2026-03-11 15:00:00+00:00,116.55,116.55,114.55,114.88,36290.0
Q,2026-03-11 16:00:00+00:00,114.825,115.56,114.38,115.47,34058.0
Q,2026-03-11 17:00:00+00:00,115.48,115.92,114.51,115.51,49355.0
Q,2026-03-11 18:00:00+00:00,115.67,116.02,115.01,115.76,16684.0
Q,2026-03-11 19:00:00+00:00,115.825,116.33,115.44,116.265,38932.0
Q,2026-03-11 20:00:00+00:00,116.17,116.17,116.12,116.17,77.0
Q,2026-03-11 22:00:00+00:00,115.13,115.13,115.13,115.13,10.0
Q,2026-03-11 23:00:00+00:00,115.01,115.01,114.0,114.5,229.0
Q,2026-03-12 08:00:00+00:00,114.17,114.17,114.17,114.17,100.0
Q,2026-03-12 10:00:00+00:00,114.15,114.15,114.0,114.0,100.0
Q,2026-03-12 12:00:00+00:00,113.53,113.53,113.53,113.53,86.0
Q,2026-03-12 13:00:00+00:00,113.475,113.79,109.46,109.99,20655.0
Q,2026-03-12 14:00:00+00:00,110.15,111.31,106.71,106.71,65901.0
Q,2026-03-12 15:00:00+00:00,106.7,108.33,105.46,108.07,44456.0
Q,2026-03-12 16:00:00+00:00,107.9,108.96,107.215,107.96,31900.0
Q,2026-03-12 17:00:00+00:00,107.82,108.29,107.01,107.09,33537.0
Q,2026-03-12 18:00:00+00:00,107.09,107.34,106.32,106.38,36574.0
Q,2026-03-12 19:00:00+00:00,106.35,107.18,106.19,107.02,69161.0
Q,2026-03-12 20:00:00+00:00,107.23,107.35,107.01,107.35,110.0
Q,2026-03-12 21:00:00+00:00,107.31,107.31,107.25,107.25,22.0
Q,2026-03-12 22:00:00+00:00,107.0,107.0,106.9,106.9,35.0
Q,2026-03-12 23:00:00+00:00,106.32,106.32,106.32,106.32,31.0
Q,2026-03-13 08:00:00+00:00,106.0,106.0,105.5,105.5,15.0
Q,2026-03-13 10:00:00+00:00,106.9,108.0,106.9,108.0,120.0
Q,2026-03-13 11:00:00+00:00,107.0,108.06,107.0,108.06,8.0
Q,2026-03-13 12:00:00+00:00,108.24,109.21,108.24,109.21,6.0
Q,2026-03-13 13:00:00+00:00,108.54,110.16,107.97,108.99,25009.0
Q,2026-03-13 14:00:00+00:00,109.08,110.11,106.84,107.22,46053.0
Q,2026-03-13 15:00:00+00:00,107.33,108.46,107.08,107.68,31934.0
Q,2026-03-13 16:00:00+00:00,107.62,108.105,106.73,107.64,26598.0
Q,2026-03-13 17:00:00+00:00,107.67,108.58,107.33,107.72,37013.0
Q,2026-03-13 18:00:00+00:00,107.79,109.69,107.49,109.59,23069.0
Q,2026-03-13 19:00:00+00:00,109.56,110.14,108.315,109.075,102627.0
Q,2026-03-13 22:00:00+00:00,109.13,109.13,108.6,108.6,33.0
Q,2026-03-13 23:00:00+00:00,108.88,108.99,108.88,108.99,13.0
Q,2026-03-16 08:00:00+00:00,109.14,109.14,108.74,109.0,97.0
Q,2026-03-16 09:00:00+00:00,108.0,108.0,108.0,108.0,9.0
Q,2026-03-16 10:00:00+00:00,109.06,109.55,109.06,109.12,4.0
Q,2026-03-16 11:00:00+00:00,110.05,110.24,110.05,110.24,34.0
Q,2026-03-16 13:00:00+00:00,112.0,113.23,111.28,112.98,44615.0
Q,2026-03-16 14:00:00+00:00,113.05,113.05,110.205,110.91,36467.0
Q,2026-03-16 15:00:00+00:00,110.935,111.78,110.7,111.0,26776.0
Q,2026-03-16 16:00:00+00:00,110.88,111.09,109.9,110.02,21410.0
Q,2026-03-16 17:00:00+00:00,110.02,111.08,110.0,110.86,17527.0
Q,2026-03-16 18:00:00+00:00,110.85,111.48,110.76,111.03,20873.0
Q,2026-03-16 19:00:00+00:00,111.06,112.35,110.87,112.2,107054.0
Q,2026-03-16 20:00:00+00:00,111.77,112.25,110.94,112.25,152.0
Q,2026-03-16 21:00:00+00:00,112.27,112.27,112.26,112.26,140.0
Q,2026-03-17 08:00:00+00:00,112.25,112.25,112.25,112.25,2.0
Q,2026-03-17 11:00:00+00:00,111.75,111.75,111.75,111.75,50.0
Q,2026-03-17 12:00:00+00:00,112.6,112.67,112.6,112.67,47.0
Q,2026-03-17 13:00:00+00:00,112.5,113.41,111.93,113.1,12046.0
Q,2026-03-17 14:00:00+00:00,113.08,113.28,111.91,112.21,13653.0
Q,2026-03-17 15:00:00+00:00,112.19,112.22,110.4,110.58,11642.0
Q,2026-03-17 16:00:00+00:00,110.58,111.57,110.54,110.81,11565.0
Q,2026-03-17 17:00:00+00:00,110.825,112.15,110.81,112.15,9683.0
Q,2026-03-17 18:00:00+00:00,112.16,112.97,112.12,112.63,17917.0
Q,2026-03-17 19:00:00+00:00,112.79,113.56,112.5,113.56,43483.0
Q,2026-03-17 20:00:00+00:00,113.44,113.44,113.44,113.44,31.0
Q,2026-03-17 22:00:00+00:00,113.58,113.58,113.58,113.58,2.0
Q,2026-03-17 23:00:00+00:00,113.74,113.74,113.74,113.74,5.0
Q,2026-03-18 08:00:00+00:00,114.2,114.2,114.2,114.2,2.0
Q,2026-03-18 09:00:00+00:00,114.91,114.91,113.7,113.7,25.0
Q,2026-03-18 10:00:00+00:00,114.73,114.73,113.71,113.71,11.0
Q,2026-03-18 11:00:00+00:00,114.4,114.4,114.0,114.3,98.0
Q,2026-03-18 12:00:00+00:00,113.98,114.01,112.4,112.74,644.0
Q,2026-03-18 13:00:00+00:00,112.74,114.43,112.32,114.425,7962.0
Q,2026-03-18 14:00:00+00:00,114.4,114.9,112.95,114.27,19041.0
Q,2026-03-18 15:00:00+00:00,114.34,115.16,113.97,115.15,16938.0
Q,2026-03-18 16:00:00+00:00,115.1,115.44,114.56,115.31,21788.0
Q,2026-03-18 17:00:00+00:00,115.31,116.13,115.14,115.44,22678.0
Q,2026-03-18 18:00:00+00:00,115.48,115.96,113.44,113.96,24097.0
Q,2026-03-18 19:00:00+00:00,113.95,114.26,113.39,113.91,40489.0
Q,2026-03-18 20:00:00+00:00,114.59,117.95,114.5,114.5,14106.0
Q,2026-03-18 22:00:00+00:00,114.15,114.16,114.1,114.1,100.0
Q,2026-03-18 23:00:00+00:00,114.38,114.38,114.38,114.38,60.0
Q,2026-03-19 08:00:00+00:00,114.1,114.1,114.1,114.1,55.0
Q,2026-03-19 09:00:00+00:00,114.06,114.09,114.06,114.09,110.0
Q,2026-03-19 12:00:00+00:00,113.74,113.74,111.38,111.38,74.0
Q,2026-03-19 13:00:00+00:00,111.06,112.07,108.63,111.03,14446.0
Q,2026-03-19 14:00:00+00:00,111.14,112.35,110.46,111.505,21285.0
Q,2026-03-19 15:00:00+00:00,111.43,112.55,111.14,112.1,18324.0
Q,2026-03-19 16:00:00+00:00,111.99,112.92,111.95,112.64,15284.0
Q,2026-03-19 17:00:00+00:00,112.68,112.81,111.92,112.0,31009.0
Q,2026-03-19 18:00:00+00:00,112.0,112.58,111.3,111.94,73607.0
Q,2026-03-19 19:00:00+00:00,111.94,113.72,111.76,112.03,128469.0
Q,2026-03-19 20:00:00+00:00,112.02,112.02,112.02,112.02,5.0
Q,2026-03-19 22:00:00+00:00,112.5,112.5,112.5,112.5,80.0
Q,2026-03-19 23:00:00+00:00,112.77,112.77,112.77,112.77,1.0
Q,2026-03-20 08:00:00+00:00,112.21,112.21,112.21,112.21,1.0
Q,2026-03-20 10:00:00+00:00,111.0,111.0,111.0,111.0,15.0
Q,2026-03-20 12:00:00+00:00,112.32,112.32,112.32,112.32,1.0
Q,2026-03-20 13:00:00+00:00,111.58,112.12,109.5,109.5,10654.0
Q,2026-03-20 14:00:00+00:00,109.46,110.54,108.44,109.34,27924.0
Q,2026-03-20 15:00:00+00:00,109.31,110.0,108.49,108.94,26796.0
Q,2026-03-20 16:00:00+00:00,108.89,109.44,107.79,108.53,28564.0
Q,2026-03-20 17:00:00+00:00,108.585,108.84,107.39,108.14,30623.0
Q,2026-03-20 18:00:00+00:00,108.17,108.29,107.09,107.23,35825.0
Q,2026-03-20 19:00:00+00:00,107.23,107.65,106.22,107.58,112454.0
Q,2026-03-20 20:00:00+00:00,107.56,107.82,107.56,107.82,65.0
Q,2026-03-20 21:00:00+00:00,109.15,109.15,107.82,107.85,24.0
Q,2026-03-20 22:00:00+00:00,108.1,108.63,108.04,108.63,497.0
Q,2026-03-20 23:00:00+00:00,108.63,108.63,108.0,108.0,18.0
Q,2026-03-23 10:00:00+00:00,106.0,106.0,105.94,105.94,21.0
Q,2026-03-23 11:00:00+00:00,106.0,110.13,106.0,109.56,465.0
Q,2026-03-23 12:00:00+00:00,109.73,110.88,109.54,110.77,432.0
Q,2026-03-23 13:00:00+00:00,111.5,116.7,111.48,116.57,25550.0
Q,2026-03-23 14:00:00+00:00,116.38,117.37,115.81,116.88,33288.0
Q,2026-03-23 15:00:00+00:00,116.88,117.83,113.92,113.92,40505.0
Q,2026-03-23 16:00:00+00:00,114.08,114.44,112.96,113.42,43503.0
Q,2026-03-23 17:00:00+00:00,113.54,114.61,113.35,114.33,12998.0
Q,2026-03-23 18:00:00+00:00,114.41,115.5,113.91,115.315,26795.0
Q,2026-03-23 19:00:00+00:00,115.31,115.46,114.86,114.97,70823.0
Q,2026-03-23 20:00:00+00:00,114.88,115.6,114.88,115.6,18.0
Q,2026-03-23 21:00:00+00:00,115.0,115.0,114.5,114.51,165.0
Q,2026-03-23 22:00:00+00:00,114.94,114.94,114.7,114.7,1032.0
Q,2026-03-23 23:00:00+00:00,114.7,114.7,114.7,114.7,8.0
Q,2026-03-24 08:00:00+00:00,114.9,114.9,114.9,114.9,10.0
Q,2026-03-24 13:00:00+00:00,113.45,115.92,113.45,115.56,6567.0
Q,2026-03-24 14:00:00+00:00,115.55,118.06,115.35,116.985,27262.0
Q,2026-03-24 15:00:00+00:00,117.28,119.3,117.28,118.35,18699.0
Q,2026-03-24 16:00:00+00:00,118.22,118.55,117.56,118.28,20413.0
Q,2026-03-24 17:00:00+00:00,118.25,118.55,116.93,118.28,31212.0
Q,2026-03-24 18:00:00+00:00,118.48,118.7,117.64,118.64,22929.0
Q,2026-03-24 19:00:00+00:00,118.61,119.2,117.53,118.365,62101.0
Q,2026-03-24 20:00:00+00:00,119.79,120.0,119.79,120.0,81.0
Q,2026-03-24 21:00:00+00:00,118.96,118.96,118.96,118.96,1.0
Q,2026-03-24 22:00:00+00:00,120.5,120.5,119.2,120.0,130.0
Q,2026-03-24 23:00:00+00:00,120.75,120.75,119.11,119.11,210.0
Q,2026-03-25 08:00:00+00:00,120.88,120.88,120.88,120.88,100.0
Q,2026-03-25 09:00:00+00:00,120.88,121.0,120.88,121.0,183.0
Q,2026-03-25 13:00:00+00:00,119.97,121.2,119.5,120.21,12589.0
Q,2026-03-25 14:00:00+00:00,120.34,122.6,120.04,122.06,26653.0
Q,2026-03-25 15:00:00+00:00,121.86,122.1,119.98,120.21,20335.0
Q,2026-03-25 16:00:00+00:00,120.2,120.57,119.38,120.54,13751.0
Q,2026-03-25 17:00:00+00:00,120.54,120.8,119.94,120.07,15666.0
Q,2026-03-25 18:00:00+00:00,120.06,120.57,119.68,119.99,13430.0
Q,2026-03-25 19:00:00+00:00,119.96,120.54,119.78,120.275,47382.0
Q,2026-03-26 08:00:00+00:00,119.07,119.07,119.07,119.07,22.0
Q,2026-03-26 10:00:00+00:00,118.0,118.0,118.0,118.0,1.0
Q,2026-03-26 11:00:00+00:00,118.68,118.68,118.04,118.04,115.0
Q,2026-03-26 12:00:00+00:00,117.24,118.02,117.0,117.0,199.0
Q,2026-03-26 13:00:00+00:00,116.99,118.91,116.49,117.22,15792.0
Q,2026-03-26 14:00:00+00:00,117.01,117.6,115.35,115.69,28134.0
Q,2026-03-26 15:00:00+00:00,115.81,117.91,115.81,117.18,25431.0
Q,2026-03-26 16:00:00+00:00,117.3,117.58,114.29,115.12,12462.0
Q,2026-03-26 17:00:00+00:00,115.21,115.27,114.0,114.12,11295.0
Q,2026-03-26 18:00:00+00:00,114.14,114.71,113.69,113.74,14702.0
Q,2026-03-26 19:00:00+00:00,113.82,113.93,112.18,112.71,60120.0
Q,2026-03-26 20:00:00+00:00,112.73,115.0,112.73,114.0,196.0
Q,2026-03-26 23:00:00+00:00,115.51,115.51,115.51,115.51,100.0
Q,2026-03-27 08:00:00+00:00,114.15,114.15,113.4,113.5,109.0
Q,2026-03-27 09:00:00+00:00,113.4,113.4,113.4,113.4,45.0
Q,2026-03-27 10:00:00+00:00,112.0,112.0,112.0,112.0,300.0
Q,2026-03-27 11:00:00+00:00,112.31,112.31,111.02,111.02,310.0
Q,2026-03-27 12:00:00+00:00,110.5,110.98,110.5,110.75,616.0
Q,2026-03-27 13:00:00+00:00,110.72,113.14,110.1,110.97,7891.0
Q,2026-03-27 14:00:00+00:00,110.9,112.71,110.0,111.17,19682.0
Q,2026-03-27 15:00:00+00:00,111.205,112.34,110.75,111.84,17375.0
Q,2026-03-27 16:00:00+00:00,111.84,111.9,111.28,111.57,15839.0
Q,2026-03-27 17:00:00+00:00,111.52,112.44,110.205,110.485,30951.0
Q,2026-03-27 18:00:00+00:00,110.41,110.58,109.84,110.52,21653.0
Q,2026-03-27 19:00:00+00:00,110.58,111.94,110.26,111.84,88102.0
Q,2026-03-27 21:00:00+00:00,111.6,111.6,111.6,111.6,46.0
Q,2026-03-27 22:00:00+00:00,111.88,111.88,111.0,111.71,5.0
Q,2026-03-27 23:00:00+00:00,111.5,111.84,111.5,111.84,45.0
Q,2026-03-30 10:00:00+00:00,114.34,114.34,114.34,114.34,9.0
Q,2026-03-30 12:00:00+00:00,113.34,113.34,113.34,113.34,10.0
Q,2026-03-30 13:00:00+00:00,112.01,113.235,108.64,109.53,16727.0
Q,2026-03-30 14:00:00+00:00,109.58,111.86,107.84,109.36,36212.0
Q,2026-03-30 15:00:00+00:00,109.52,109.92,107.89,109.74,20768.0
Q,2026-03-30 16:00:00+00:00,109.73,109.73,107.58,107.95,26926.0
Q,2026-03-30 17:00:00+00:00,107.96,108.07,106.76,107.56,16586.0
Q,2026-03-30 18:00:00+00:00,107.51,107.72,106.78,106.91,12290.0
Q,2026-03-30 19:00:00+00:00,106.915,107.46,106.17,107.12,71328.0
Q,2026-03-30 23:00:00+00:00,107.09,107.1,106.88,106.88,64.0
Q,2026-03-31 08:00:00+00:00,107.22,107.22,107.22,107.22,8.0
Q,2026-03-31 11:00:00+00:00,108.96,108.96,108.96,108.96,3.0
Q,2026-03-31 12:00:00+00:00,109.85,109.85,109.85,109.85,3.0
Q,2026-03-31 13:00:00+00:00,108.885,111.73,108.13,111.73,10610.0
Q,2026-03-31 14:00:00+00:00,111.64,112.32,110.78,111.39,15058.0
Q,2026-03-31 15:00:00+00:00,111.39,112.37,110.43,110.52,9975.0
Q,2026-03-31 16:00:00+00:00,110.4,115.42,110.36,113.46,24900.0
Q,2026-03-31 17:00:00+00:00,113.47,114.5,113.3,114.28,13569.0
Q,2026-03-31 18:00:00+00:00,114.38,115.0,114.2,114.98,15668.0
Q,2026-03-31 19:00:00+00:00,114.98,115.53,114.62,115.44,51923.0
Q,2026-03-31 20:00:00+00:00,115.16,115.16,115.16,115.16,25.0
Q,2026-03-31 21:00:00+00:00,115.32,115.36,115.32,115.36,68.0
Q,2026-03-31 22:00:00+00:00,115.08,115.23,115.08,115.23,13.0
Q,2026-03-31 23:00:00+00:00,115.99,115.99,115.59,115.59,2.0
Q,2026-04-01 08:00:00+00:00,115.65,115.65,115.65,115.65,2.0
Q,2026-04-01 10:00:00+00:00,116.24,116.24,116.24,116.24,11.0
Q,2026-04-01 11:00:00+00:00,117.08,117.97,117.07,117.95,149.0
Q,2026-04-01 12:00:00+00:00,117.84,117.88,117.36,117.36,49.0
Q,2026-04-01 13:00:00+00:00,117.91,118.89,116.0,118.48,11651.0
Q,2026-04-01 14:00:00+00:00,118.38,119.49,118.35,119.38,17779.0
Q,2026-04-01 15:00:00+00:00,119.37,119.93,118.78,119.85,9967.0
Q,2026-04-01 16:00:00+00:00,119.845,119.91,119.28,119.62,16675.0
Q,2026-04-01 17:00:00+00:00,119.67,120.82,119.66,119.915,20608.0
Q,2026-04-01 18:00:00+00:00,119.96,119.96,117.66,118.13,31679.0
Q,2026-04-01 19:00:00+00:00,118.21,119.05,118.2,118.585,46757.0
Q,2026-04-01 20:00:00+00:00,118.48,118.56,117.14,117.14,29.0
Q,2026-04-01 23:00:00+00:00,118.66,118.66,118.66,118.66,1.0
Q,2026-04-02 08:00:00+00:00,114.21,114.21,114.21,114.21,4.0
Q,2026-04-02 09:00:00+00:00,115.0,115.0,115.0,115.0,20.0
Q,2026-04-02 11:00:00+00:00,114.01,114.01,113.04,113.04,123.0
Q,2026-04-02 12:00:00+00:00,112.95,114.78,112.95,114.78,417.0
Q,2026-04-02 13:00:00+00:00,114.54,116.5,113.75,116.38,4923.0
Q,2026-04-02 14:00:00+00:00,116.88,120.42,116.08,117.98,16758.0
Q,2026-04-02 15:00:00+00:00,117.95,118.24,116.84,117.41,6576.0
Q,2026-04-02 16:00:00+00:00,117.25,117.5,116.16,116.55,5817.0
Q,2026-04-02 17:00:00+00:00,116.51,116.87,115.8,115.96,5897.0
Q,2026-04-02 18:00:00+00:00,116.08,116.67,116.08,116.4,9836.0
Q,2026-04-02 19:00:00+00:00,116.51,116.91,116.39,116.62,26762.0
Q,2026-04-02 21:00:00+00:00,116.51,116.51,116.51,116.51,10.0
Q,2026-04-02 22:00:00+00:00,116.4,116.4,116.4,116.4,3.0
Q,2026-04-02 23:00:00+00:00,116.34,116.34,116.34,116.34,4.0
Q,2026-04-06 08:00:00+00:00,117.03,117.03,117.03,117.03,13.0
Q,2026-04-06 09:00:00+00:00,118.17,118.27,118.0,118.0,615.0
Q,2026-04-06 11:00:00+00:00,117.03,117.03,117.03,117.03,10.0
Q,2026-04-06 12:00:00+00:00,117.0,117.0,117.0,117.0,44.0
Q,2026-04-06 13:00:00+00:00,117.4,118.12,116.59,116.935,4241.0
Q,2026-04-06 14:00:00+00:00,116.92,117.82,115.37,116.49,12539.0
Q,2026-04-06 15:00:00+00:00,116.51,117.98,116.5,117.98,9869.0
Q,2026-04-06 16:00:00+00:00,117.99,118.27,117.64,118.2,7971.0
Q,2026-04-06 17:00:00+00:00,118.28,118.64,117.47,118.05,15125.0
Q,2026-04-06 18:00:00+00:00,117.99,118.49,117.8,118.37,9950.0
Q,2026-04-06 19:00:00+00:00,118.33,119.03,118.31,118.87,39379.0
Q,2026-04-06 20:00:00+00:00,118.82,118.83,118.82,118.83,159.0
Q,2026-04-06 21:00:00+00:00,119.42,119.42,119.42,119.42,8.0
Q,2026-04-06 22:00:00+00:00,119.01,119.4,119.01,119.4,15.0
Q,2026-04-06 23:00:00+00:00,118.91,118.91,118.91,118.91,43.0
Q,2026-04-07 08:00:00+00:00,119.98,119.98,118.8,118.8,11.0
Q,2026-04-07 09:00:00+00:00,119.9,120.88,119.9,120.76,190.0
Q,2026-04-07 10:00:00+00:00,119.9,119.9,117.98,118.0,865.0
Q,2026-04-07 11:00:00+00:00,118.0,118.0,116.79,116.79,361.0
Q,2026-04-07 13:00:00+00:00,117.4,119.12,116.91,117.5,5173.0
Q,2026-04-07 14:00:00+00:00,117.41,118.33,116.42,117.38,16463.0
Q,2026-04-07 15:00:00+00:00,117.35,118.29,116.69,118.15,9669.0
Q,2026-04-07 16:00:00+00:00,118.11,119.8,118.11,118.59,16653.0
Q,2026-04-07 17:00:00+00:00,118.46,119.06,117.99,118.39,10973.0
Q,2026-04-07 18:00:00+00:00,118.48,118.48,116.94,117.31,14361.0
Q,2026-04-07 19:00:00+00:00,117.19,119.16,116.83,119.0,68399.0
Q,2026-04-07 20:00:00+00:00,118.96,118.96,118.96,118.96,57.0
Q,2026-04-07 22:00:00+00:00,119.86,123.0,117.16,123.0,558.0
Q,2026-04-07 23:00:00+00:00,124.0,125.5,123.02,124.94,715.0
Q,2026-04-08 08:00:00+00:00,127.0,129.79,126.76,126.76,665.0
Q,2026-04-08 09:00:00+00:00,126.5,126.69,126.5,126.6,21.0
Q,2026-04-08 10:00:00+00:00,126.41,126.5,126.41,126.5,26.0
Q,2026-04-08 11:00:00+00:00,125.5,127.0,124.96,126.96,435.0
Q,2026-04-08 12:00:00+00:00,126.82,126.92,125.6,125.6,268.0
Q,2026-04-08 13:00:00+00:00,125.83,131.7,125.67,129.77,57700.0
Q,2026-04-08 14:00:00+00:00,129.69,129.74,127.205,127.56,62671.0
Q,2026-04-08 15:00:00+00:00,127.65,129.02,127.19,128.73,18191.0
Q,2026-04-08 16:00:00+00:00,128.73,130.48,128.7,130.34,45977.0
Q,2026-04-08 17:00:00+00:00,130.35,130.82,129.89,130.74,12167.0
Q,2026-04-08 18:00:00+00:00,130.75,131.22,129.06,129.13,22326.0
Q,2026-04-08 19:00:00+00:00,129.125,130.37,129.01,129.36,59243.0
Q,2026-04-08 20:00:00+00:00,129.33,129.33,129.3,129.3,8.0
Q,2026-04-08 22:00:00+00:00,129.77,129.8,129.77,129.8,310.0
Q,2026-04-09 08:00:00+00:00,129.08,129.08,129.08,129.08,3.0
Q,2026-04-09 10:00:00+00:00,129.73,129.73,129.73,129.73,20.0
Q,2026-04-09 12:00:00+00:00,128.98,128.98,128.98,128.98,30.0
Q,2026-04-09 13:00:00+00:00,128.97,132.45,128.745,132.24,14856.0
Q,2026-04-09 14:00:00+00:00,132.245,132.48,129.64,131.57,19979.0
Q,2026-04-09 15:00:00+00:00,131.615,132.07,130.18,132.07,25544.0
Q,2026-04-09 16:00:00+00:00,131.93,132.41,131.19,131.48,12583.0
Q,2026-04-09 17:00:00+00:00,131.51,131.72,131.01,131.14,15866.0
Q,2026-04-09 18:00:00+00:00,131.14,131.15,129.8,130.46,24806.0
Q,2026-04-09 19:00:00+00:00,130.51,131.0,129.5,129.86,69197.0
Q,2026-04-09 20:00:00+00:00,129.94,129.94,129.94,129.94,1.0
Q,2026-04-09 21:00:00+00:00,130.06,130.06,130.06,130.06,5.0
Q,2026-04-09 22:00:00+00:00,130.5,130.5,130.45,130.45,155.0
Q,2026-04-09 23:00:00+00:00,130.97,131.35,130.97,131.35,73.0
Q,2026-04-10 08:00:00+00:00,130.0,130.0,130.0,130.0,50.0
Q,2026-04-10 12:00:00+00:00,131.24,132.46,130.75,132.46,206.0
Q,2026-04-10 13:00:00+00:00,132.45,132.86,130.305,131.92,23760.0
Q,2026-04-10 14:00:00+00:00,131.92,132.22,130.74,131.07,18722.0
Q,2026-04-10 15:00:00+00:00,131.08,132.12,130.53,130.63,14960.0
Q,2026-04-10 16:00:00+00:00,130.63,131.07,130.565,130.86,12855.0
Q,2026-04-10 17:00:00+00:00,130.79,131.15,130.525,131.15,10267.0
Q,2026-04-10 18:00:00+00:00,131.09,131.19,130.2,130.4,12644.0
Q,2026-04-10 19:00:00+00:00,130.41,130.92,130.36,130.625,49876.0
Q,2026-04-10 20:00:00+00:00,130.7,130.84,130.7,130.84,49.0
Q,2026-04-10 21:00:00+00:00,130.65,130.65,130.65,130.65,40.0
Q,2026-04-13 08:00:00+00:00,128.0,128.5,128.0,128.5,212.0
Q,2026-04-13 09:00:00+00:00,128.5,128.5,128.5,128.5,16.0
Q,2026-04-13 11:00:00+00:00,129.13,129.13,129.0,129.0,37.0
Q,2026-04-13 12:00:00+00:00,128.6,128.6,128.6,128.6,20.0
Q,2026-04-13 13:00:00+00:00,129.775,134.21,129.775,134.21,27630.0
Q,2026-04-13 14:00:00+00:00,134.3,134.89,132.61,133.28,18161.0
Q,2026-04-13 15:00:00+00:00,133.17,133.58,132.72,133.1,19776.0
Q,2026-04-13 16:00:00+00:00,133.01,134.97,132.79,134.6,18925.0
Q,2026-04-13 17:00:00+00:00,134.62,134.62,133.38,133.59,13335.0
Q,2026-04-13 18:00:00+00:00,133.59,133.82,133.13,133.72,13298.0
Q,2026-04-13 19:00:00+00:00,133.76,135.05,133.7,135.0,37431.0
Q,2026-04-13 20:00:00+00:00,134.99,135.02,134.31,135.02,7.0
Q,2026-04-13 21:00:00+00:00,135.19,135.19,135.19,135.19,2.0
Q,2026-04-13 22:00:00+00:00,135.69,135.95,135.69,135.95,338.0
Q,2026-04-14 08:00:00+00:00,136.0,136.0,135.54,135.54,76.0
Q,2026-04-14 11:00:00+00:00,136.02,136.02,136.02,136.02,24.0
Q,2026-04-14 12:00:00+00:00,136.94,136.94,136.78,136.88,59.0
Q,2026-04-14 13:00:00+00:00,136.88,136.88,131.855,133.1,8246.0
Q,2026-04-14 14:00:00+00:00,133.1,135.3,132.78,135.09,14227.0
Q,2026-04-14 15:00:00+00:00,135.01,135.2,134.6,134.78,12099.0
Q,2026-04-14 16:00:00+00:00,134.78,134.97,133.47,133.47,11587.0
Q,2026-04-14 17:00:00+00:00,133.43,134.34,133.41,133.87,12456.0
Q,2026-04-14 18:00:00+00:00,133.82,134.18,133.49,133.72,17786.0
Q,2026-04-14 19:00:00+00:00,133.795,134.11,132.7,132.71,44789.0
Q,2026-04-14 20:00:00+00:00,132.83,132.83,132.77,132.77,35.0
Q,2026-04-14 21:00:00+00:00,132.86,132.97,132.86,132.97,52.0
Q,2026-04-14 22:00:00+00:00,132.5,132.5,132.5,132.5,10.0
Q,2026-04-14 23:00:00+00:00,133.0,133.0,133.0,133.0,3.0
Q,2026-04-15 08:00:00+00:00,132.69,132.69,132.69,132.69,20.0
Q,2026-04-15 10:00:00+00:00,132.62,132.62,132.62,132.62,3.0
Q,2026-04-15 11:00:00+00:00,132.62,132.7,132.06,132.06,67.0
Q,2026-04-15 12:00:00+00:00,132.27,132.59,132.27,132.59,11.0
Q,2026-04-15 13:00:00+00:00,132.62,132.66,130.355,131.85,7555.0
Q,2026-04-15 14:00:00+00:00,132.06,132.36,130.305,131.6,20575.0
Q,2026-04-15 15:00:00+00:00,131.71,132.28,131.17,131.26,13793.0
Q,2026-04-15 16:00:00+00:00,131.33,131.33,129.28,130.53,24394.0
Q,2026-04-15 17:00:00+00:00,130.37,131.15,130.28,131.01,25430.0
Q,2026-04-15 18:00:00+00:00,131.01,131.52,131.0,131.27,11531.0
Q,2026-04-15 19:00:00+00:00,131.26,132.39,131.18,131.78,44324.0
Q,2026-04-15 20:00:00+00:00,131.89,131.94,131.89,131.94,6.0
Q,2026-04-15 21:00:00+00:00,131.5,131.5,131.5,131.5,1.0
Q,2026-04-15 22:00:00+00:00,131.24,131.24,131.24,131.24,1.0
Q,2026-04-15 23:00:00+00:00,131.25,131.25,131.25,131.25,2.0
Q,2026-04-16 10:00:00+00:00,131.81,131.81,131.81,131.81,81.0
Q,2026-04-16 12:00:00+00:00,132.02,132.02,131.8,131.8,133.0
Q,2026-04-16 13:00:00+00:00,131.47,132.17,129.68,130.945,4387.0
Q,2026-04-16 14:00:00+00:00,130.945,131.0,129.9,130.28,10101.0
Q,2026-04-16 15:00:00+00:00,130.39,131.11,129.975,130.28,13840.0
Q,2026-04-16 16:00:00+00:00,130.3,130.62,129.41,130.05,13961.0
Q,2026-04-16 17:00:00+00:00,129.86,130.65,129.51,130.34,14045.0
Q,2026-04-16 18:00:00+00:00,130.35,130.63,129.36,130.25,14459.0
Q,2026-04-16 19:00:00+00:00,130.27,131.32,130.27,131.22,46347.0
Q,2026-04-16 20:00:00+00:00,131.37,131.37,131.37,131.37,16.0
Q,2026-04-16 21:00:00+00:00,131.37,132.2,131.37,132.2,125.0
Q,2026-04-17 10:00:00+00:00,131.7,131.7,131.7,131.7,1.0
Q,2026-04-17 11:00:00+00:00,132.16,132.16,132.16,132.16,3.0
Q,2026-04-17 12:00:00+00:00,133.61,133.87,133.61,133.84,206.0
Q,2026-04-17 13:00:00+00:00,133.83,135.72,133.83,135.72,19074.0
Q,2026-04-17 14:00:00+00:00,135.58,136.88,135.17,136.38,20688.0
Q,2026-04-17 15:00:00+00:00,136.46,136.61,135.94,136.61,12339.0
Q,2026-04-17 16:00:00+00:00,136.69,137.82,136.52,136.52,17098.0
Q,2026-04-17 17:00:00+00:00,136.59,137.1,135.53,136.1,11820.0
Q,2026-04-17 18:00:00+00:00,136.16,136.46,135.75,135.78,11367.0
Q,2026-04-17 19:00:00+00:00,135.73,136.34,135.27,136.29,42382.0
Q,2026-04-17 22:00:00+00:00,136.24,136.24,136.24,136.24,3.0
Q,2026-04-20 09:00:00+00:00,135.8,136.29,135.8,136.29,175.0
Q,2026-04-20 10:00:00+00:00,134.74,134.74,134.74,134.74,14.0
Q,2026-04-20 11:00:00+00:00,135.79,135.86,135.66,135.86,68.0
Q,2026-04-20 12:00:00+00:00,135.69,135.73,134.9,135.31,68.0
Q,2026-04-20 13:00:00+00:00,135.5,137.66,134.9,137.135,11651.0
Q,2026-04-20 14:00:00+00:00,137.2,138.12,136.65,137.49,13815.0
Q,2026-04-20 15:00:00+00:00,137.56,138.25,136.8,137.88,17681.0
Q,2026-04-20 16:00:00+00:00,137.89,137.89,137.06,137.1,5897.0
Q,2026-04-20 17:00:00+00:00,137.23,137.48,137.01,137.48,4971.0
Q,2026-04-20 18:00:00+00:00,137.5,138.09,137.43,137.97,11333.0
Q,2026-04-20 19:00:00+00:00,138.08,138.2,137.14,138.04,27258.0
Q,2026-04-20 20:00:00+00:00,138.0,138.0,138.0,138.0,23.0
Q,2026-04-20 22:00:00+00:00,138.0,138.0,138.0,138.0,98.0
Q,2026-04-20 23:00:00+00:00,137.95,137.95,137.94,137.94,5.0
Q,2026-04-21 08:00:00+00:00,139.15,139.15,139.15,139.15,2.0
Q,2026-04-21 09:00:00+00:00,139.18,139.18,139.15,139.15,19.0
Q,2026-04-21 10:00:00+00:00,139.18,139.21,139.18,139.21,34.0
Q,2026-04-21 11:00:00+00:00,138.56,140.02,138.56,140.02,100.0
Q,2026-04-21 12:00:00+00:00,139.65,140.55,138.96,138.96,359.0
Q,2026-04-21 13:00:00+00:00,139.0,139.1,137.205,138.12,4015.0
Q,2026-04-21 14:00:00+00:00,138.04,138.86,137.08,137.18,12829.0
Q,2026-04-21 15:00:00+00:00,137.13,137.64,135.18,135.78,21940.0
Q,2026-04-21 16:00:00+00:00,136.05,136.47,135.28,135.4,13763.0
Q,2026-04-21 17:00:00+00:00,135.52,135.69,133.88,134.515,26941.0
Q,2026-04-21 18:00:00+00:00,134.515,135.17,133.86,135.04,21591.0
Q,2026-04-21 19:00:00+00:00,135.08,136.08,134.0,134.73,49575.0
Q,2026-04-21 20:00:00+00:00,134.84,134.84,134.84,134.84,5.0
Q,2026-04-21 22:00:00+00:00,135.01,135.01,135.01,135.01,4.0
Q,2026-04-21 23:00:00+00:00,135.85,137.52,135.85,137.52,8.0
Q,2026-04-22 09:00:00+00:00,136.2,136.2,136.2,136.2,8.0
Q,2026-04-22 12:00:00+00:00,138.07,138.07,137.21,137.21,3.0
Q,2026-04-22 13:00:00+00:00,136.32,137.43,136.12,137.35,6168.0
Q,2026-04-22 14:00:00+00:00,137.4,137.7,136.33,136.77,15040.0
Q,2026-04-22 15:00:00+00:00,136.55,138.39,136.41,138.32,22913.0
Q,2026-04-22 16:00:00+00:00,138.31,138.49,137.88,138.09,12356.0
Q,2026-04-22 17:00:00+00:00,137.96,138.77,137.96,138.55,10788.0
Q,2026-04-22 18:00:00+00:00,138.595,139.8,138.56,139.3,14537.0
Q,2026-04-22 19:00:00+00:00,139.16,139.39,138.02,139.26,54840.0
Q,2026-04-22 20:00:00+00:00,139.16,139.16,139.16,139.16,5.0
Q,2026-04-22 21:00:00+00:00,139.26,139.26,139.26,139.26,100.0
Q,2026-04-22 22:00:00+00:00,139.69,139.7,139.69,139.7,11.0
Q,2026-04-22 23:00:00+00:00,139.7,139.7,139.7,139.7,14.0
Q,2026-04-23 09:00:00+00:00,137.2,137.2,137.2,137.2,10.0
Q,2026-04-23 12:00:00+00:00,139.3,139.38,139.0,139.38,65.0
Q,2026-04-23 13:00:00+00:00,139.28,142.7,139.145,142.64,15281.0
Q,2026-04-23 14:00:00+00:00,142.66,145.905,141.84,145.57,44751.0
Q,2026-04-23 15:00:00+00:00,145.52,146.0,143.01,143.24,59194.0
Q,2026-04-23 16:00:00+00:00,143.28,143.56,142.04,143.49,24670.0
Q,2026-04-23 17:00:00+00:00,143.56,143.8,138.96,140.76,30495.0
Q,2026-04-23 18:00:00+00:00,140.88,141.52,139.92,140.04,13625.0
Q,2026-04-23 19:00:00+00:00,139.96,140.82,139.49,140.08,51277.0
Q,2026-04-23 20:00:00+00:00,141.0,141.0,140.5,140.5,8.0
Q,2026-04-23 21:00:00+00:00,140.99,141.0,140.22,140.22,128.0
Q,2026-04-23 22:00:00+00:00,140.2,141.06,140.1,141.06,1599.0
Q,2026-04-23 23:00:00+00:00,141.06,142.0,141.05,141.05,25.0
Q,2026-04-24 08:00:00+00:00,141.44,142.0,140.5,142.0,2821.0
Q,2026-04-24 09:00:00+00:00,140.56,140.95,140.5,140.95,480.0
Q,2026-04-24 10:00:00+00:00,141.95,141.95,141.95,141.95,10.0
Q,2026-04-24 11:00:00+00:00,142.24,142.42,142.24,142.42,47.0
Q,2026-04-24 12:00:00+00:00,142.3,143.01,142.27,142.3,904.0
Q,2026-04-24 13:00:00+00:00,142.96,144.31,141.48,143.17,34536.0
Q,2026-04-24 14:00:00+00:00,142.84,145.84,142.54,145.76,30281.0
Q,2026-04-24 15:00:00+00:00,145.97,146.69,145.47,146.09,16879.0
Q,2026-04-24 16:00:00+00:00,146.05,146.1,144.47,145.11,16055.0
Q,2026-04-24 17:00:00+00:00,145.17,145.17,143.965,144.42,15918.0
Q,2026-04-24 18:00:00+00:00,144.3,144.7,143.795,144.6,18393.0
Q,2026-04-24 19:00:00+00:00,144.59,144.92,144.04,144.46,45007.0
Q,2026-04-24 20:00:00+00:00,144.52,144.52,143.84,144.04,34.0
Q,2026-04-24 22:00:00+00:00,145.0,145.44,145.0,145.39,221.0
Q,2026-04-24 23:00:00+00:00,144.52,144.99,144.5,144.5,146.0
Q,2026-04-27 08:00:00+00:00,142.56,145.53,142.56,145.47,135.0
Q,2026-04-27 09:00:00+00:00,145.5,145.5,145.5,145.5,27.0
Q,2026-04-27 10:00:00+00:00,145.5,145.5,145.5,145.5,47.0
Q,2026-04-27 11:00:00+00:00,145.0,146.55,145.0,146.55,4588.0
Q,2026-04-27 12:00:00+00:00,146.46,146.48,145.06,145.06,130.0
Q,2026-04-27 13:00:00+00:00,145.49,145.58,138.07,141.15,14970.0
Q,2026-04-27 14:00:00+00:00,141.24,142.7,140.68,141.03,17663.0
Q,2026-04-27 15:00:00+00:00,141.16,141.64,140.35,140.77,46817.0
Q,2026-04-27 16:00:00+00:00,140.75,142.9,140.51,142.16,75898.0
Q,2026-04-27 17:00:00+00:00,142.02,142.92,142.015,142.62,20635.0
Q,2026-04-27 18:00:00+00:00,142.58,143.19,142.43,142.87,8864.0
Q,2026-04-27 19:00:00+00:00,142.85,144.3,142.68,143.875,62037.0
Q,2026-04-27 20:00:00+00:00,144.18,144.18,144.18,144.18,5.0
Q,2026-04-27 22:00:00+00:00,144.07,144.89,144.07,144.89,59.0
Q,2026-04-28 08:00:00+00:00,142.99,142.99,142.65,142.65,128.0
Q,2026-04-28 09:00:00+00:00,142.24,142.25,140.76,141.0,767.0
Q,2026-04-28 10:00:00+00:00,141.0,141.0,138.76,140.0,385.0
Q,2026-04-28 11:00:00+00:00,140.06,140.06,137.27,138.85,357.0
Q,2026-04-28 12:00:00+00:00,137.91,138.3,137.46,137.5,1057.0
Q,2026-04-28 13:00:00+00:00,139.62,140.62,137.19,138.24,11913.0
Q,2026-04-28 14:00:00+00:00,138.01,139.0,135.43,136.92,24407.0
Q,2026-04-28 15:00:00+00:00,136.95,137.13,135.575,136.47,16233.0
Q,2026-04-28 16:00:00+00:00,136.33,137.3,136.205,136.77,11301.0
Q,2026-04-28 17:00:00+00:00,136.8,137.66,136.35,137.51,10898.0
Q,2026-04-28 18:00:00+00:00,137.48,138.42,137.4,138.33,12677.0
Q,2026-04-28 19:00:00+00:00,138.37,138.71,137.48,137.585,35774.0
Q,2026-04-28 20:00:00+00:00,137.51,137.51,137.51,137.51,68.0
Q,2026-04-28 21:00:00+00:00,137.72,138.74,137.24,137.24,35.0
Q,2026-04-28 22:00:00+00:00,137.24,138.0,137.24,138.0,26.0
Q,2026-04-28 23:00:00+00:00,137.48,137.48,137.48,137.48,8.0
Q,2026-04-29 08:00:00+00:00,139.5,139.8,139.13,139.13,534.0
Q,2026-04-29 10:00:00+00:00,139.09,141.0,139.0,139.0,56.0
Q,2026-04-29 11:00:00+00:00,139.14,139.14,137.95,137.95,37.0
Q,2026-04-29 13:00:00+00:00,138.89,140.04,137.51,139.01,16079.0
Q,2026-04-29 14:00:00+00:00,139.01,141.77,139.0,140.4,45115.0
Q,2026-04-29 15:00:00+00:00,140.465,140.48,139.145,139.4,20135.0
Q,2026-04-29 16:00:00+00:00,139.3,139.655,138.405,138.54,13767.0
Q,2026-04-29 17:00:00+00:00,138.71,139.59,138.47,139.59,13650.0
Q,2026-04-29 18:00:00+00:00,139.6,139.63,138.27,139.63,19471.0
Q,2026-04-29 19:00:00+00:00,139.62,141.32,139.23,141.31,55041.0
Q,2026-04-29 20:00:00+00:00,141.3,141.3,139.66,139.66,6.0
Q,2026-04-29 21:00:00+00:00,139.6,139.6,138.94,138.97,1661.0
Q,2026-04-29 22:00:00+00:00,138.93,141.1,138.78,141.1,65.0
Q,2026-04-29 23:00:00+00:00,140.88,140.88,139.75,140.0,57.0
Q,2026-04-30 10:00:00+00:00,141.29,141.29,141.29,141.29,100.0
Q,2026-04-30 13:00:00+00:00,143.96,144.56,137.57,139.45,16799.0
Q,2026-04-30 14:00:00+00:00,139.34,140.85,138.78,140.04,47243.0
Q,2026-04-30 15:00:00+00:00,140.04,141.32,140.03,140.28,21186.0
Q,2026-04-30 16:00:00+00:00,140.28,140.39,139.32,139.55,21794.0
Q,2026-04-30 17:00:00+00:00,139.62,140.14,138.15,138.5,36323.0
Q,2026-04-30 18:00:00+00:00,138.52,138.96,137.56,138.555,40951.0
Q,2026-04-30 19:00:00+00:00,138.57,140.69,138.38,140.63,72392.0
Q,2026-04-30 20:00:00+00:00,140.94,140.94,140.94,140.94,1.0
Q,2026-04-30 21:00:00+00:00,140.1,140.4,139.96,140.4,205.0
Q,2026-04-30 22:00:00+00:00,140.35,140.35,140.35,140.35,1.0
Q,2026-04-30 23:00:00+00:00,139.03,139.03,139.0,139.0,41.0
Q,2026-05-01 09:00:00+00:00,141.56,141.56,141.56,141.56,20.0
Q,2026-05-01 10:00:00+00:00,140.03,140.03,140.02,140.02,43.0
Q,2026-05-01 11:00:00+00:00,140.0,140.0,140.0,140.0,2.0
Q,2026-05-01 12:00:00+00:00,140.35,140.37,140.35,140.37,147.0
Q,2026-05-01 13:00:00+00:00,140.37,142.34,138.7,141.76,14817.0
Q,2026-05-01 14:00:00+00:00,142.105,143.6,141.56,141.71,19825.0
Q,2026-05-01 15:00:00+00:00,141.71,143.34,141.68,143.04,13631.0
Q,2026-05-01 16:00:00+00:00,143.03,143.03,141.98,142.2,8450.0
Q,2026-05-01 17:00:00+00:00,142.19,143.47,142.17,142.75,28583.0
Q,2026-05-01 18:00:00+00:00,142.74,143.08,142.2,142.67,20388.0
Q,2026-05-01 19:00:00+00:00,142.6,143.71,142.6,143.4,37943.0
Q,2026-05-01 20:00:00+00:00,143.1,143.75,143.0,143.0,39.0
Q,2026-05-04 08:00:00+00:00,144.75,145.05,144.05,144.05,12.0
Q,2026-05-04 09:00:00+00:00,144.53,144.93,144.53,144.9,222.0
Q,2026-05-04 10:00:00+00:00,144.91,144.91,142.0,142.0,86.0
Q,2026-05-04 11:00:00+00:00,143.0,143.0,143.0,143.0,20.0
Q,2026-05-04 12:00:00+00:00,142.56,142.56,142.56,142.56,10.0
Q,2026-05-04 13:00:00+00:00,142.61,143.34,141.67,142.41,6851.0
Q,2026-05-04 14:00:00+00:00,142.49,143.41,142.025,142.025,18129.0
Q,2026-05-04 15:00:00+00:00,141.88,142.34,139.93,140.97,15113.0
Q,2026-05-04 16:00:00+00:00,140.84,141.63,139.83,141.4,12898.0
Q,2026-05-04 17:00:00+00:00,141.31,142.0,141.07,141.47,9822.0
Q,2026-05-04 18:00:00+00:00,141.5,141.68,140.67,141.02,17058.0
Q,2026-05-04 19:00:00+00:00,141.02,141.63,140.84,141.04,64347.0
Q,2026-05-04 20:00:00+00:00,141.31,141.31,141.0,141.0,17.0
Q,2026-05-04 21:00:00+00:00,140.47,141.2,140.0,141.2,3000.0
Q,2026-05-04 22:00:00+00:00,141.2,141.2,141.0,141.2,17.0
Q,2026-05-05 08:00:00+00:00,142.0,142.02,141.94,142.02,942.0
Q,2026-05-05 11:00:00+00:00,142.12,142.65,142.06,142.06,57.0
Q,2026-05-05 12:00:00+00:00,142.49,142.76,142.49,142.76,40.0
Q,2026-05-05 13:00:00+00:00,142.5,145.5,142.08,144.53,5868.0
Q,2026-05-05 14:00:00+00:00,144.2,145.77,144.2,145.0,14813.0
Q,2026-05-05 15:00:00+00:00,144.95,147.02,144.95,146.7,9370.0
Q,2026-05-05 16:00:00+00:00,146.8,147.99,146.8,147.38,11502.0
Q,2026-05-05 17:00:00+00:00,147.62,147.62,146.88,146.92,6294.0
Q,2026-05-05 18:00:00+00:00,146.87,147.81,146.615,147.39,10220.0
Q,2026-05-05 19:00:00+00:00,147.39,147.67,146.12,146.6,34876.0
Q,2026-05-05 20:00:00+00:00,146.59,147.94,146.49,147.23,29.0
Q,2026-05-05 21:00:00+00:00,147.29,147.29,147.22,147.22,19.0
Q,2026-05-05 22:00:00+00:00,147.62,147.94,146.46,147.94,196.0
Q,2026-05-05 23:00:00+00:00,146.44,147.56,146.44,147.56,45.0
